-- MySQL dump 10.13  Distrib 8.0.22, for Linux (x86_64)
--
-- Host: localhost    Database: reddit
-- ------------------------------------------------------
-- Server version	8.0.22-0ubuntu0.20.04.3

/*!40101 SET @OLD_CHARACTER_SET_CLIENT=@@CHARACTER_SET_CLIENT */;
/*!40101 SET @OLD_CHARACTER_SET_RESULTS=@@CHARACTER_SET_RESULTS */;
/*!40101 SET @OLD_COLLATION_CONNECTION=@@COLLATION_CONNECTION */;
/*!50503 SET NAMES utf8mb4 */;
/*!40103 SET @OLD_TIME_ZONE=@@TIME_ZONE */;
/*!40103 SET TIME_ZONE='+00:00' */;
/*!40014 SET @OLD_UNIQUE_CHECKS=@@UNIQUE_CHECKS, UNIQUE_CHECKS=0 */;
/*!40014 SET @OLD_FOREIGN_KEY_CHECKS=@@FOREIGN_KEY_CHECKS, FOREIGN_KEY_CHECKS=0 */;
/*!40101 SET @OLD_SQL_MODE=@@SQL_MODE, SQL_MODE='NO_AUTO_VALUE_ON_ZERO' */;
/*!40111 SET @OLD_SQL_NOTES=@@SQL_NOTES, SQL_NOTES=0 */;

--
-- Temporary view structure for view `CURRENT_VOTES_POSTS`
--

DROP TABLE IF EXISTS `CURRENT_VOTES_POSTS`;
/*!50001 DROP VIEW IF EXISTS `CURRENT_VOTES_POSTS`*/;
SET @saved_cs_client     = @@character_set_client;
/*!50503 SET character_set_client = utf8mb4 */;
/*!50001 CREATE VIEW `CURRENT_VOTES_POSTS` AS SELECT 
 1 AS `post`,
 1 AS `author`,
 1 AS `vote_count`*/;
SET character_set_client = @saved_cs_client;

--
-- Table structure for table `award_types`
--

DROP TABLE IF EXISTS `award_types`;
/*!40101 SET @saved_cs_client     = @@character_set_client */;
/*!50503 SET character_set_client = utf8mb4 */;
CREATE TABLE `award_types` (
  `id` smallint unsigned NOT NULL AUTO_INCREMENT,
  `name` varchar(255) NOT NULL,
  `created_at` datetime DEFAULT CURRENT_TIMESTAMP COMMENT 'Время создания строки',
  `updated_at` datetime DEFAULT CURRENT_TIMESTAMP ON UPDATE CURRENT_TIMESTAMP COMMENT 'Время обновления строки',
  PRIMARY KEY (`id`),
  UNIQUE KEY `id` (`id`),
  UNIQUE KEY `name` (`name`)
) ENGINE=InnoDB AUTO_INCREMENT=11 DEFAULT CHARSET=utf8mb4 COLLATE=utf8mb4_0900_ai_ci;
/*!40101 SET character_set_client = @saved_cs_client */;

--
-- Dumping data for table `award_types`
--

LOCK TABLES `award_types` WRITE;
/*!40000 ALTER TABLE `award_types` DISABLE KEYS */;
INSERT INTO `award_types` VALUES (1,'silver','1998-02-24 11:21:49','2020-12-23 22:34:51'),(2,'gold','1974-12-27 18:55:14','2018-06-20 21:39:55'),(3,'platinum','1983-06-20 04:27:57','2014-12-22 13:36:59'),(4,'inspiring','1993-04-08 22:02:17','2004-02-27 07:03:43'),(5,'thanks!','1977-06-23 18:47:59','2009-10-12 18:44:45'),(6,'mic drop','2010-03-22 22:10:16','2011-12-28 21:31:27'),(7,'classic','1999-09-13 22:00:28','2020-12-23 22:34:51'),(8,'speaking for us all','1997-09-26 12:54:18','2014-08-20 04:29:39'),(9,'mind blown','1999-10-24 05:37:54','2020-12-23 22:34:51'),(10,'on fire','1992-06-25 22:52:00','2020-12-23 22:34:51');
/*!40000 ALTER TABLE `award_types` ENABLE KEYS */;
UNLOCK TABLES;

--
-- Temporary view structure for view `awarded_users`
--

DROP TABLE IF EXISTS `awarded_users`;
/*!50001 DROP VIEW IF EXISTS `awarded_users`*/;
SET @saved_cs_client     = @@character_set_client;
/*!50503 SET character_set_client = utf8mb4 */;
/*!50001 CREATE VIEW `awarded_users` AS SELECT 
 1 AS `username`,
 1 AS `award_name`*/;
SET character_set_client = @saved_cs_client;

--
-- Table structure for table `awards`
--

DROP TABLE IF EXISTS `awards`;
/*!40101 SET @saved_cs_client     = @@character_set_client */;
/*!50503 SET character_set_client = utf8mb4 */;
CREATE TABLE `awards` (
  `id` bigint unsigned NOT NULL AUTO_INCREMENT,
  `from_user_id` bigint unsigned NOT NULL COMMENT 'Ссылка на отправителя сообщения',
  `to_user_id` bigint unsigned NOT NULL COMMENT 'Ссылка на получателя сообщения',
  `message` text COMMENT 'Текст сообщения',
  `created_at` datetime DEFAULT CURRENT_TIMESTAMP COMMENT 'Время создания строки',
  `award_type_id` smallint unsigned NOT NULL,
  PRIMARY KEY (`id`),
  UNIQUE KEY `id` (`id`),
  KEY `awards_from_user_id_fk` (`from_user_id`),
  KEY `awards_to_user_id_fk` (`to_user_id`),
  KEY `awards_award_type_id_fk` (`award_type_id`),
  CONSTRAINT `awards_award_type_id_fk` FOREIGN KEY (`award_type_id`) REFERENCES `award_types` (`id`) ON DELETE RESTRICT,
  CONSTRAINT `awards_from_user_id_fk` FOREIGN KEY (`from_user_id`) REFERENCES `users` (`id`),
  CONSTRAINT `awards_to_user_id_fk` FOREIGN KEY (`to_user_id`) REFERENCES `users` (`id`)
) ENGINE=InnoDB AUTO_INCREMENT=51 DEFAULT CHARSET=utf8mb4 COLLATE=utf8mb4_0900_ai_ci;
/*!40101 SET character_set_client = @saved_cs_client */;

--
-- Dumping data for table `awards`
--

LOCK TABLES `awards` WRITE;
/*!40000 ALTER TABLE `awards` DISABLE KEYS */;
INSERT INTO `awards` VALUES (1,68,85,'Perspiciatis aut necessitatibus quae autem iusto. Et occaecati est explicabo ipsum eaque odit rem ipsam.','2008-02-20 16:14:19',1),(2,89,73,'Expedita quas sit ratione corrupti. Cumque voluptatem quo quod architecto atque repudiandae quo. Nihil officia similique magnam expedita. Nesciunt quia ratione laboriosam sed.','2004-01-08 11:33:35',2),(3,44,9,'Dicta dolorem possimus rem mollitia ut eligendi et. Mollitia perspiciatis est ad voluptatem saepe sapiente autem assumenda. Velit corrupti possimus consectetur. Ut aut natus non tempore est.','1973-09-27 20:09:56',3),(4,51,24,'Rerum sequi illum accusantium expedita tenetur. Quisquam provident corporis assumenda quo consectetur quis consectetur magni. Nam sed enim culpa error ex iusto voluptate. Et omnis error iste dolorum ut et hic.','1994-12-11 20:47:30',4),(5,24,95,'Veritatis fuga modi quas. Dolor dolorum non doloremque accusantium sed atque culpa. Vel totam esse asperiores suscipit officia dolor natus. Ullam officiis ullam nihil hic atque.','1988-05-14 17:43:55',5),(6,64,100,'Illum voluptatibus minima nihil totam ipsam laborum possimus ut. Facere aut soluta labore.','1972-05-24 18:35:31',6),(7,48,17,'Dolorum ut voluptates consectetur nulla omnis cupiditate praesentium. Ut nobis totam culpa delectus magnam officiis omnis. Voluptatum dolorem quis sed.','1973-10-06 17:52:09',7),(8,48,83,'Et et voluptatum quasi in accusantium iusto qui. Ipsam reprehenderit voluptas cum nam. Pariatur quia et et.','2013-07-27 07:35:56',8),(9,94,65,'Hic velit quos fuga ut quia sunt nostrum nostrum. Iste porro consequatur magni natus blanditiis. Nisi consequuntur vel quasi eligendi animi doloribus.','1978-05-10 00:23:37',9),(10,29,75,'Velit repudiandae qui dolorem ullam repellat earum. Omnis quas non non doloribus nemo quo sunt.','1977-05-23 23:27:04',10),(11,59,79,'Eos sed culpa labore repellendus. Odio saepe sed fuga doloremque. Vel provident delectus aut quidem porro debitis.','1974-04-26 16:17:21',1),(12,8,71,'Voluptate non qui necessitatibus suscipit. Dolorem doloribus eum voluptatum quam dolor maiores. Quasi itaque et sint quibusdam atque nihil impedit et.','1996-03-20 18:04:21',2),(13,61,16,'Facilis similique est nam veniam eligendi. Facere qui doloremque est voluptas natus facilis sed eum. Doloribus voluptatem mollitia reprehenderit.','1970-09-19 11:01:59',3),(14,81,66,'Ad aut sed omnis consequuntur numquam et illo. Quibusdam qui iusto odit molestias. Officia ut consequatur omnis nisi labore. Quasi velit ut qui quia.','2008-05-09 15:07:54',4),(15,24,81,'Velit voluptatum consequatur inventore ad ut sunt harum. Perferendis quas molestiae excepturi eum quaerat voluptas atque. Ullam fuga qui autem alias maxime. Magnam ut tempora quis et. Nesciunt laboriosam corrupti enim asperiores aut in sit.','1973-09-15 17:45:08',5),(16,75,7,'Molestias sed saepe eos sunt voluptatum eos id. Alias nobis quis neque. Nam qui reprehenderit temporibus reprehenderit repudiandae ex.','2018-11-23 12:01:33',6),(17,3,90,'Sint modi deleniti rerum facilis explicabo officia. Doloribus natus minima officiis laboriosam laudantium voluptatem repellendus odit. Iste laborum dolorum at expedita. Qui aut earum et a non delectus earum aliquam.','1992-12-01 23:12:18',7),(18,90,30,'Voluptas consequatur adipisci necessitatibus error voluptate autem. Eum consectetur voluptas sint ut et dolorem et. Aperiam nemo et aut dicta.','1984-01-04 01:55:24',8),(19,41,81,'Nulla ipsam omnis eveniet ex consequatur aut voluptatem. Nihil cupiditate neque tempora laudantium praesentium nam in. Commodi perferendis enim quo et quia qui perspiciatis dolore.','2009-12-11 20:03:35',9),(20,33,13,'Aut voluptatem aut qui impedit ratione. Necessitatibus alias magnam perspiciatis molestiae eos atque. Atque voluptatem neque necessitatibus aperiam adipisci deleniti qui.','2012-06-23 00:24:31',10),(21,41,23,'Qui rem vel eum. Magnam laboriosam incidunt molestiae earum. Beatae nemo repellat possimus amet nemo magni nemo.','2009-06-30 03:43:35',1),(22,5,73,'Rem dolorum officiis quae debitis beatae tenetur. Eum eius ut possimus molestiae iste deleniti quo nisi. Sed dolorum illo sunt libero vel consequatur et. Enim delectus occaecati rerum sit qui ut neque qui. Sunt voluptas veniam ullam pariatur blanditiis.','2009-03-02 16:15:49',2),(23,2,98,'Qui libero quia qui. Nihil non incidunt voluptas vitae. Est fugiat sequi dolorem ullam non ut hic. Nihil autem fugiat architecto.','1980-07-10 08:55:08',3),(24,96,68,'Iste saepe qui atque quo aspernatur ea. Libero blanditiis nemo perspiciatis autem exercitationem quibusdam praesentium. Aliquid perferendis voluptates expedita officia.','1970-12-29 05:50:34',4),(25,72,46,'Molestiae saepe numquam accusantium illum. Qui voluptatum reprehenderit aperiam recusandae reiciendis. Rerum aliquam est dolorum maiores occaecati fugit molestiae. Omnis molestias et ratione quas quasi totam.','2004-08-29 15:23:59',5),(26,74,24,'Autem quis sit voluptas magnam et assumenda. Ea est quam animi dolorem. Fuga beatae magni provident eius molestias.','2018-08-17 14:02:26',6),(27,50,82,'Ab explicabo qui fuga dolorum delectus optio aspernatur. Magni veritatis est qui omnis. Veniam distinctio id incidunt et rerum qui. Aut qui quis qui incidunt omnis.','1996-08-23 04:44:31',7),(28,31,39,'Inventore recusandae veniam illum quibusdam sunt aut. Et ut quia magnam. Et incidunt quis quia aliquid sapiente.','1980-02-28 20:32:33',8),(29,1,48,'Sed magnam reprehenderit hic ut error accusamus aspernatur dignissimos. Non provident hic et voluptas in. Omnis eos iure dolorum. Eligendi est nulla ad.','1970-02-17 08:39:51',9),(30,13,22,'Illum esse praesentium sed. Eligendi numquam nemo reiciendis quos amet. Assumenda amet nesciunt sunt veniam. Iure consequatur qui dicta commodi et qui.','1975-06-08 23:45:39',10),(31,60,68,'Necessitatibus odit est aspernatur praesentium asperiores ipsam qui earum. Qui fugiat sapiente neque blanditiis eius libero explicabo. Aut nihil id adipisci atque fugit. Vero illo magnam ad.','1971-12-05 19:07:28',1),(32,61,72,'Provident amet est neque. Et laudantium eos quam aperiam consequatur voluptatem. Dolorem cumque explicabo soluta dolorem qui. Voluptas sunt amet et et accusantium labore. Omnis illo ipsa soluta molestiae corrupti aut vel quae.','2001-05-04 02:45:32',2),(33,23,54,'Dolor dolores accusamus unde non placeat et repudiandae. Enim consequatur repellat voluptatem ut est. Id et sit natus. Vel suscipit aut aut dolore amet sapiente eum.','2014-09-12 23:00:46',3),(34,35,53,'Perferendis consequatur ut aut maxime perspiciatis et fuga. Non nesciunt inventore cumque quisquam quia et qui. Quia provident vel veniam. Reprehenderit nemo quas magnam cum sint nisi.','1993-09-23 11:41:58',4),(35,4,2,'Corrupti iure id quis voluptatibus rerum fugit voluptates. Nihil laboriosam sint illo tempore a saepe. Est nam quo cupiditate rem minus. Nemo omnis sit velit.','1971-08-12 11:24:49',5),(36,13,53,'Ullam illo dolores dignissimos architecto quia ipsa earum rem. Et eos accusamus non aut. Dolorem non nemo qui minima non amet. Vel excepturi odio molestiae doloribus.','1986-04-17 11:00:31',6),(37,53,59,'Maxime animi laborum facere illo dolorum. Quibusdam quod ducimus explicabo.','2000-05-29 13:54:07',7),(38,24,32,'Est et eos voluptatibus beatae. Voluptate dolorem voluptates iusto. Debitis dolores sint nemo ea dolorem. Voluptas qui et nobis ipsum rem soluta.','1971-02-18 16:14:30',8),(39,64,86,'Beatae sit expedita qui qui odit. Itaque ex et quos ad. Ex non et voluptatum vel omnis. Vel dignissimos quibusdam nihil hic aspernatur accusamus iusto reiciendis.','2000-02-14 10:07:22',9),(40,44,33,'Sint ea officia et ea sit dolores. Nesciunt pariatur et ipsa dolores tenetur ipsum voluptatem. Sapiente exercitationem fugit est ex neque voluptatem.','2001-08-13 14:36:01',10),(41,28,4,'Aut et at a nobis sed provident eaque. Voluptates quas ipsum praesentium sed aut doloribus atque. Cum quos corrupti laudantium rerum. Repellendus culpa nihil itaque.','1989-05-12 08:18:42',1),(42,10,22,'Rem atque amet aut et. Quasi eligendi eius qui minima ut. Tenetur vero ex perspiciatis perferendis occaecati.','2011-01-02 12:29:27',2),(43,65,98,'Optio dicta et perferendis ea. Veritatis sequi necessitatibus numquam voluptatem. Commodi quia magnam vel ipsam est facilis debitis. Magnam culpa est in voluptas.','1970-09-27 22:18:50',3),(44,93,25,'Ipsa ipsam magni alias non natus provident rerum. Placeat id ut eveniet assumenda. Omnis incidunt qui voluptatem aut.','2019-12-26 20:56:33',4),(45,69,28,'Voluptatum repellat sit suscipit voluptates. Eligendi aut explicabo nesciunt quia. Sed laboriosam laboriosam recusandae quis et odit reiciendis. Consectetur fuga corporis eveniet officia.','2011-11-13 05:35:32',5),(46,66,64,'Beatae eligendi suscipit qui. Itaque iusto non quae placeat dolores debitis.','1972-12-20 09:25:04',6),(47,21,38,'In et voluptatibus provident ut dolor excepturi cum. Itaque aspernatur eum iusto ipsum.','1992-07-05 14:53:03',7),(48,6,96,'Et ut quo qui. Magnam deleniti quia doloremque molestias illo animi. Omnis ex in aliquid perferendis dignissimos animi. Voluptatem ut sed est eum illum.','1989-07-25 20:08:19',8),(49,67,65,'Mollitia quas id molestiae. Incidunt eos dolor omnis neque.','1986-07-05 09:39:00',9),(50,17,35,'Modi autem minus ea cumque eos dicta expedita velit. Nostrum excepturi et eos. Consequatur pariatur corrupti cupiditate voluptatibus. Repudiandae eius corrupti incidunt ipsum saepe explicabo qui et.','2019-11-08 01:10:16',10);
/*!40000 ALTER TABLE `awards` ENABLE KEYS */;
UNLOCK TABLES;

--
-- Table structure for table `banned_users`
--

DROP TABLE IF EXISTS `banned_users`;
/*!40101 SET @saved_cs_client     = @@character_set_client */;
/*!50503 SET character_set_client = utf8mb4 */;
CREATE TABLE `banned_users` (
  `subreddit_id` bigint unsigned NOT NULL COMMENT 'Ссылка на группу',
  `user_id` bigint unsigned NOT NULL COMMENT 'Ссылка на пользователя',
  `reason` varchar(200) NOT NULL,
  `created_at` datetime DEFAULT CURRENT_TIMESTAMP COMMENT 'Время создания строки',
  PRIMARY KEY (`subreddit_id`,`user_id`) COMMENT 'Составной первичный ключ',
  KEY `banned_users_user_id_fk` (`user_id`),
  CONSTRAINT `banned_users_subreddit_id_fk` FOREIGN KEY (`subreddit_id`) REFERENCES `subreddits` (`id`) ON DELETE CASCADE,
  CONSTRAINT `banned_users_user_id_fk` FOREIGN KEY (`user_id`) REFERENCES `users` (`id`) ON DELETE CASCADE
) ENGINE=InnoDB DEFAULT CHARSET=utf8mb4 COLLATE=utf8mb4_0900_ai_ci;
/*!40101 SET character_set_client = @saved_cs_client */;

--
-- Dumping data for table `banned_users`
--

LOCK TABLES `banned_users` WRITE;
/*!40000 ALTER TABLE `banned_users` DISABLE KEYS */;
INSERT INTO `banned_users` VALUES (1,2,'voluptates','2008-11-02 16:02:55'),(1,36,'incidunt','2004-05-04 05:48:30'),(1,91,'aut','1985-08-06 23:41:42'),(2,52,'tenetur','1997-06-19 23:28:14'),(2,72,'asperiores','1993-09-19 06:47:41'),(3,44,'omnis','2003-03-29 02:20:31'),(3,66,'temporibus','2001-05-20 18:59:53'),(3,71,'veniam','2019-02-10 19:07:05'),(3,94,'maxime','1982-10-16 16:43:24'),(4,44,'voluptas','1982-07-28 08:23:29'),(4,53,'necessitatibus','1977-02-21 11:38:26'),(4,63,'quae','1981-04-04 19:43:57'),(4,73,'ut','2002-01-24 06:07:35'),(5,18,'voluptatum','1980-01-04 03:09:13'),(5,45,'similique','1972-10-08 09:35:56'),(5,72,'itaque','2017-08-14 00:55:34'),(5,82,'corrupti','2000-05-21 12:47:51'),(6,6,'esse','1994-06-05 09:15:29'),(6,25,'libero','2002-07-23 16:04:16'),(6,54,'qui','1982-01-14 11:10:09'),(7,34,'quia','1996-02-25 13:55:53'),(7,52,'et','1982-04-03 02:17:25'),(7,75,'quibusdam','1981-01-15 15:51:19'),(7,98,'voluptatem','2020-08-05 11:56:28'),(8,41,'est','1998-10-30 00:50:59'),(8,73,'quo','2002-12-31 15:52:02'),(8,85,'saepe','1987-02-25 22:08:27'),(9,1,'ullam','1986-07-15 00:32:06'),(9,52,'dolores','2015-08-26 08:48:08'),(9,53,'perferendis','1973-07-23 01:45:15'),(10,1,'minus','1982-09-21 23:29:01'),(10,9,'reprehenderit','2016-01-09 23:30:44'),(10,47,'doloremque','1991-08-18 19:57:14'),(10,86,'iste','1980-08-12 04:59:13'),(11,15,'in','1974-07-21 08:01:05'),(11,31,'ea','2005-12-22 09:43:18'),(11,83,'repellat','1999-08-02 06:30:46'),(12,45,'dolor','1978-06-09 04:08:54'),(12,56,'nostrum','1999-04-27 00:05:31'),(12,68,'ipsam','2000-06-15 23:39:11'),(12,90,'enim','2000-11-01 08:38:16'),(13,43,'officia','2012-06-09 02:22:56'),(13,49,'tempora','1999-11-22 04:06:17'),(15,14,'sunt','1996-10-20 14:26:42'),(15,24,'tempore','1973-05-18 10:31:04'),(15,75,'ex','2003-09-29 13:12:10'),(16,3,'velit','2020-12-04 05:17:33'),(16,32,'iusto','1974-02-27 08:36:25'),(16,36,'sit','1978-08-18 19:00:47'),(16,40,'eius','2008-06-16 06:04:47'),(16,90,'officiis','2000-08-12 10:26:36'),(17,16,'nobis','1976-12-22 10:32:04'),(17,25,'quidem','1984-02-08 05:15:56'),(17,77,'autem','2014-11-18 00:45:06'),(17,85,'nam','2012-08-10 17:00:37'),(18,10,'corporis','1993-06-22 17:58:45'),(18,18,'aspernatur','2016-05-01 02:24:58'),(18,60,'consequatur','1992-03-27 11:43:05'),(19,37,'delectus','1995-06-12 06:54:42'),(19,43,'eveniet','2020-01-07 05:35:47'),(20,38,'vero','1999-04-18 12:46:53'),(20,45,'nihil','2016-10-31 01:58:35'),(20,55,'quisquam','1997-08-31 01:48:51'),(20,62,'magnam','1995-11-28 10:46:25');
/*!40000 ALTER TABLE `banned_users` ENABLE KEYS */;
UNLOCK TABLES;

--
-- Table structure for table `comment_votes`
--

DROP TABLE IF EXISTS `comment_votes`;
/*!40101 SET @saved_cs_client     = @@character_set_client */;
/*!50503 SET character_set_client = utf8mb4 */;
CREATE TABLE `comment_votes` (
  `user_id` bigint unsigned NOT NULL,
  `comment_id` bigint unsigned NOT NULL,
  `vote_type` enum('1','-1') DEFAULT NULL,
  `created_at` datetime DEFAULT CURRENT_TIMESTAMP,
  KEY `comment_votes_user_id_fk` (`user_id`),
  KEY `comment_votes_post_id_fk` (`comment_id`),
  CONSTRAINT `comment_votes_post_id_fk` FOREIGN KEY (`comment_id`) REFERENCES `comments` (`id`) ON DELETE CASCADE,
  CONSTRAINT `comment_votes_user_id_fk` FOREIGN KEY (`user_id`) REFERENCES `users` (`id`)
) ENGINE=InnoDB DEFAULT CHARSET=utf8mb4 COLLATE=utf8mb4_0900_ai_ci;
/*!40101 SET character_set_client = @saved_cs_client */;

--
-- Dumping data for table `comment_votes`
--

LOCK TABLES `comment_votes` WRITE;
/*!40000 ALTER TABLE `comment_votes` DISABLE KEYS */;
INSERT INTO `comment_votes` VALUES (15,68,'1','2007-10-11 22:56:02'),(79,81,'1','2012-10-20 00:55:23'),(50,100,'-1','1971-10-30 10:55:13'),(12,59,'1','1999-01-27 18:49:26'),(10,94,'-1','2005-12-16 19:19:06'),(15,94,'-1','2007-04-10 22:31:38'),(45,87,'1','1991-06-12 06:21:21'),(76,54,'1','2005-10-06 11:33:58'),(48,6,'-1','2007-06-01 15:19:08'),(12,68,'-1','2013-05-27 23:33:02'),(12,23,'-1','2008-09-11 10:39:12'),(26,8,'-1','1990-09-29 09:25:04'),(92,73,'1','2017-02-16 07:02:44'),(80,41,'-1','1984-12-06 05:00:56'),(26,86,'-1','2006-11-16 02:35:49'),(88,6,'-1','1978-09-24 13:42:41'),(62,71,'-1','1998-03-10 08:09:13'),(44,39,'-1','1978-10-09 14:51:28'),(36,78,'1','1971-11-22 04:48:19'),(48,74,'1','2002-05-23 18:18:30'),(32,36,'1','1974-01-13 08:36:50'),(16,56,'-1','2017-03-28 06:37:47'),(83,71,'-1','1993-05-25 09:06:34'),(66,85,'-1','2004-01-18 09:55:54'),(83,15,'1','2019-03-01 11:40:00'),(13,18,'-1','1980-06-05 12:48:27'),(15,46,'1','2008-06-22 00:46:11'),(39,73,'-1','1976-01-02 14:40:31'),(46,27,'-1','2001-03-09 00:34:16'),(15,15,'1','1990-02-14 02:16:04'),(37,93,'-1','2011-12-17 10:43:57'),(40,19,'-1','1992-06-04 08:38:18'),(89,16,'-1','2013-12-24 08:08:21'),(22,23,'1','1981-04-13 03:59:50'),(44,65,'-1','1971-08-19 12:26:52'),(51,56,'-1','2004-03-27 11:16:40'),(25,84,'-1','1991-10-09 23:37:38'),(70,54,'-1','2007-09-01 19:52:10'),(76,16,'1','2003-09-28 07:01:32'),(67,18,'-1','1998-12-10 21:44:59'),(7,41,'-1','1972-09-26 21:47:20'),(36,51,'1','1977-08-20 18:32:53'),(56,30,'-1','1997-03-18 22:38:43'),(71,95,'1','1993-08-28 05:02:30'),(88,87,'-1','2003-05-30 10:48:10'),(24,50,'-1','1973-07-29 20:42:04'),(59,86,'-1','1974-04-26 05:26:16'),(20,81,'-1','1986-05-23 18:39:04'),(21,47,'-1','2018-12-10 21:43:16'),(48,93,'-1','1993-07-15 23:44:14'),(75,23,'-1','1980-05-18 03:37:42'),(32,34,'1','1983-09-03 05:53:28'),(33,100,'-1','2013-05-03 05:57:57'),(70,99,'1','1992-09-17 10:49:19'),(49,95,'1','1974-03-23 20:44:50'),(36,78,'-1','2003-02-14 20:20:39'),(32,5,'1','2001-08-25 00:13:06'),(50,90,'-1','2013-11-11 22:56:24'),(55,33,'-1','2013-12-24 10:07:14'),(23,94,'-1','2018-05-23 14:19:09'),(51,70,'1','2018-07-11 22:08:35'),(85,68,'-1','1987-04-12 14:05:49'),(73,29,'-1','1998-04-16 15:44:58'),(10,40,'1','2014-08-02 08:39:00'),(31,15,'1','2011-11-16 06:57:13'),(23,54,'1','1991-11-24 08:41:44'),(20,23,'1','1970-05-21 10:42:01'),(31,54,'-1','2018-09-26 02:15:59'),(93,99,'1','1988-09-30 17:47:58'),(74,32,'1','2008-05-15 06:43:10'),(90,64,'-1','2004-07-14 09:19:28'),(26,23,'1','2000-02-16 11:31:26'),(60,23,'-1','2007-03-08 15:10:25'),(23,43,'1','1975-08-06 21:28:11'),(34,48,'-1','1986-11-22 14:56:55'),(100,8,'-1','1986-08-07 23:44:27'),(98,96,'-1','2005-03-23 17:12:27'),(91,54,'-1','1998-02-27 07:30:03'),(59,83,'1','1971-10-02 12:53:43'),(22,53,'-1','2014-09-30 13:40:31'),(31,17,'1','1993-01-01 18:51:42'),(92,25,'1','1986-09-10 06:43:51'),(63,73,'-1','1972-02-15 13:52:42'),(38,91,'1','1998-07-24 07:31:25'),(2,34,'-1','2011-09-25 20:41:06'),(95,96,'1','1984-07-28 16:04:09'),(71,78,'-1','1999-11-28 03:32:12'),(66,3,'1','1976-08-01 07:58:32'),(19,80,'1','1976-01-28 04:07:18'),(95,88,'-1','1993-12-24 11:06:28'),(17,2,'-1','2015-07-08 13:30:22'),(98,44,'1','1983-02-22 11:55:46'),(41,15,'1','2003-07-22 02:16:13'),(9,42,'1','2015-05-12 00:11:14'),(24,63,'-1','1981-06-12 04:33:51'),(89,89,'-1','2009-03-18 18:28:16'),(76,55,'1','2009-07-20 01:18:06'),(9,6,'1','1976-09-16 13:56:24'),(18,66,'-1','1990-12-30 18:40:55'),(64,12,'1','1991-03-21 08:50:47'),(66,60,'1','2018-11-29 10:19:58'),(37,64,'1','2008-01-26 02:31:38'),(87,41,'-1','2001-03-15 05:24:37'),(23,13,'-1','2018-07-06 07:41:14'),(55,42,'-1','2002-08-26 08:57:25'),(2,68,'1','2007-02-22 16:47:39'),(48,13,'1','1989-10-04 02:06:31'),(32,64,'-1','2012-02-27 22:35:49'),(17,77,'-1','1990-12-14 11:36:58'),(86,94,'1','2018-02-10 20:30:24'),(80,37,'1','1983-09-03 10:59:09'),(41,5,'-1','2017-09-19 15:24:49'),(65,11,'1','2008-08-26 07:01:16'),(1,39,'-1','2020-07-02 00:51:32'),(9,63,'-1','1992-12-01 22:22:24'),(42,99,'1','2020-02-13 15:12:30'),(84,5,'1','1999-05-26 20:52:18'),(91,28,'-1','2008-03-24 08:38:48'),(5,22,'1','2005-09-30 13:46:35'),(51,28,'-1','2020-01-21 15:14:32'),(39,75,'1','1973-08-05 15:28:23'),(42,87,'1','1980-05-05 21:16:18'),(94,10,'-1','2015-11-25 03:20:36'),(41,89,'-1','1972-08-16 12:48:37'),(23,14,'1','2000-06-29 23:29:59'),(92,5,'-1','1981-04-06 10:25:38'),(91,81,'-1','1979-08-13 12:14:37'),(77,88,'1','2010-01-16 12:37:45'),(11,97,'-1','1983-06-26 15:08:27'),(23,22,'1','2000-04-30 07:34:10'),(82,19,'1','2006-12-27 13:37:25'),(42,27,'1','1996-10-02 00:45:57'),(61,76,'1','1999-10-22 13:22:41'),(80,100,'1','1995-01-05 16:25:26'),(18,71,'1','1989-07-24 03:44:45'),(48,56,'1','1992-10-06 06:17:15'),(84,68,'-1','1980-12-10 05:51:42'),(76,69,'-1','1980-04-28 18:48:08'),(29,39,'-1','1977-05-17 15:57:22'),(18,90,'-1','2011-01-26 13:26:10'),(100,30,'-1','1999-04-18 14:47:10'),(48,82,'1','1975-12-27 02:56:47'),(37,18,'1','1988-11-04 15:27:20'),(40,46,'-1','1977-11-23 07:11:17'),(89,73,'-1','2006-10-25 07:56:46'),(25,26,'-1','1985-12-05 22:45:10'),(57,13,'-1','1983-07-18 12:40:27'),(8,86,'-1','2017-04-04 15:00:00'),(71,89,'-1','1973-01-04 17:36:28'),(31,86,'1','2018-01-11 23:51:35'),(42,64,'-1','2019-01-26 20:14:20'),(16,60,'-1','2019-11-04 19:44:03'),(55,9,'-1','1996-07-18 17:25:30'),(23,64,'-1','1995-12-14 18:11:00'),(51,94,'1','2014-08-19 17:54:12'),(88,77,'1','2011-08-10 09:45:24'),(83,2,'1','2000-07-21 02:16:25'),(53,80,'1','1996-01-13 04:43:12'),(14,93,'1','1989-04-21 06:49:07'),(9,24,'1','1999-01-12 06:18:57'),(5,43,'-1','2013-12-08 19:12:10'),(97,40,'-1','1994-12-18 06:35:35'),(70,70,'-1','2012-08-14 02:52:58'),(59,30,'1','2004-08-15 18:33:02'),(84,41,'1','1980-11-18 17:20:15'),(42,15,'1','1999-10-16 02:04:38'),(56,49,'-1','1983-10-25 05:03:06'),(57,2,'1','1980-09-19 23:28:56'),(14,61,'1','2010-07-13 19:54:19'),(98,98,'1','1979-05-09 03:47:13'),(50,9,'-1','1987-09-11 02:59:36'),(54,47,'1','1976-10-06 17:03:06'),(21,11,'1','2001-06-03 23:14:22'),(41,12,'-1','1975-04-29 08:42:27'),(41,28,'-1','2015-04-06 18:49:59'),(82,2,'-1','1998-10-07 07:22:13'),(86,28,'-1','2002-06-21 08:09:04'),(83,31,'1','2001-10-02 22:51:41'),(59,69,'-1','1973-05-12 10:23:08'),(43,55,'1','2017-06-15 22:40:00'),(39,65,'1','1990-01-04 21:09:30'),(66,61,'1','1976-05-15 09:11:08'),(11,7,'-1','1977-02-15 21:41:28'),(56,52,'1','1983-02-26 22:12:38'),(49,41,'1','1995-03-27 15:32:01'),(75,48,'-1','1992-12-04 01:03:25'),(30,15,'1','1982-08-14 04:56:56'),(21,29,'1','2009-09-03 02:37:08'),(16,3,'1','2002-08-22 21:43:19'),(18,25,'-1','2015-03-08 14:38:15'),(41,17,'-1','1990-11-05 03:45:49'),(51,8,'-1','1997-10-17 09:30:21'),(33,90,'1','1974-10-09 11:29:48'),(8,25,'1','2001-06-28 13:01:19'),(41,57,'-1','1995-09-01 16:19:15'),(83,6,'1','1984-02-09 21:43:21'),(91,59,'1','2008-06-27 23:46:37'),(5,78,'1','1974-06-27 09:27:27'),(52,14,'1','2012-07-13 08:53:31'),(45,33,'1','2011-12-25 12:06:57'),(66,24,'1','1979-04-07 03:48:43'),(96,20,'-1','1984-06-08 22:47:02'),(83,28,'1','1973-09-29 11:38:17'),(24,81,'1','1986-10-24 16:58:39'),(71,17,'-1','2004-01-02 07:51:36'),(84,44,'1','2019-08-29 09:51:39'),(6,67,'1','1983-12-02 00:53:53'),(76,5,'-1','1998-01-11 05:48:58'),(64,22,'-1','1986-05-06 11:29:03'),(92,94,'1','2003-09-08 14:34:08'),(68,5,'1','1986-06-29 19:12:35'),(63,42,'1','2019-06-19 03:22:30'),(8,93,'-1','2000-07-13 14:49:44'),(52,41,'-1','1976-06-10 12:09:25'),(37,25,'1','2015-01-11 15:59:11'),(27,100,'1','2014-05-14 05:04:22'),(24,24,'1','2001-04-21 03:10:33'),(38,21,'1','2006-04-25 09:56:17'),(18,31,'-1','2011-04-22 11:44:56'),(76,92,'-1','1980-08-09 04:32:26'),(25,68,'1','1991-11-03 22:13:12'),(95,63,'-1','2011-07-02 19:29:58'),(1,10,'-1','2006-08-16 03:35:51'),(21,62,'1','2009-03-02 19:03:31'),(99,78,'1','2009-04-10 09:17:39'),(32,3,'-1','1985-06-08 20:06:11'),(62,83,'-1','2000-06-07 22:55:56'),(15,5,'1','1980-08-31 19:51:24'),(88,76,'1','1979-10-17 21:52:54'),(96,63,'-1','1972-04-03 09:42:18'),(13,86,'-1','2020-02-19 17:32:57'),(76,40,'1','2013-02-09 03:01:52'),(43,41,'1','2011-08-20 01:52:52'),(84,87,'-1','2010-05-14 09:57:11'),(93,12,'-1','1987-06-17 06:11:46'),(10,98,'-1','2010-05-27 10:59:21'),(73,53,'1','1971-04-17 06:42:58'),(35,73,'-1','1995-11-08 02:03:21'),(56,2,'-1','1972-07-02 02:59:20'),(75,91,'-1','2008-04-03 06:54:57'),(4,49,'-1','2016-06-06 15:07:36'),(95,71,'1','2012-10-21 20:33:49'),(63,9,'-1','1984-09-02 23:50:58'),(29,33,'-1','1970-12-09 23:31:25'),(57,35,'-1','1999-07-13 12:19:28'),(95,76,'1','1992-06-02 10:12:31'),(3,77,'-1','1977-04-30 20:36:20'),(32,53,'-1','1993-07-30 07:55:01'),(49,36,'-1','1975-03-11 22:34:10'),(47,21,'1','2013-08-26 07:50:22'),(89,95,'1','1996-06-22 16:36:30'),(1,13,'-1','2017-12-29 10:26:49'),(40,77,'1','2004-09-25 21:47:43'),(98,48,'1','2011-10-28 02:30:38'),(66,6,'1','2003-02-14 10:20:47'),(39,85,'1','1994-04-29 10:42:43'),(94,8,'-1','1993-03-16 00:18:49'),(53,85,'-1','2003-09-21 04:09:30'),(81,2,'1','2018-04-11 23:37:01'),(46,52,'1','1993-01-23 08:53:00'),(87,56,'-1','1977-07-26 16:50:54'),(97,23,'-1','2013-03-28 16:12:23'),(22,47,'1','2010-04-17 23:23:28'),(18,63,'-1','1978-12-12 17:36:02'),(23,75,'-1','1985-09-24 04:03:52'),(60,86,'1','2018-12-15 08:32:00'),(33,4,'-1','1976-12-15 07:21:02'),(84,60,'-1','1986-11-21 03:01:16'),(20,88,'1','2001-02-22 13:48:43'),(49,60,'-1','1997-01-13 12:40:20'),(83,35,'-1','2007-01-25 04:21:40'),(67,96,'1','2009-10-27 13:00:37'),(86,72,'-1','2007-07-07 15:11:27'),(31,73,'1','2007-11-28 03:42:08'),(93,50,'-1','2000-01-06 08:06:51'),(73,31,'-1','2001-12-12 21:49:41'),(85,1,'-1','2014-05-21 21:23:58'),(4,15,'1','2020-10-27 06:27:15'),(66,71,'-1','2017-11-07 16:40:48'),(19,7,'-1','2020-01-18 17:28:35'),(94,22,'1','2002-01-30 19:31:57'),(15,90,'-1','2000-09-13 17:03:46'),(91,82,'-1','1999-08-22 11:37:37'),(11,38,'-1','1993-02-15 17:34:44'),(79,45,'1','1979-10-21 19:59:03'),(62,10,'1','2008-01-30 15:30:18'),(74,15,'1','2010-04-24 23:49:03'),(81,45,'-1','2013-10-29 02:18:42'),(83,78,'-1','1976-10-27 21:44:30'),(73,57,'1','2011-07-08 09:01:04'),(14,49,'1','2014-10-22 01:30:53'),(51,73,'-1','1995-07-25 20:50:16'),(14,17,'1','2009-05-10 17:49:13'),(14,67,'-1','2015-02-17 15:33:11'),(27,84,'1','1980-12-28 12:36:56'),(93,20,'1','1986-05-04 07:25:09'),(85,45,'1','1973-02-01 01:01:55'),(45,66,'-1','1999-12-02 07:33:56'),(67,93,'-1','1974-04-10 21:23:18'),(3,66,'1','2012-11-19 21:57:18'),(13,50,'-1','2019-09-12 03:45:53'),(55,54,'1','1991-06-12 00:32:29'),(37,20,'1','2010-08-06 17:24:04'),(19,38,'-1','1998-02-14 23:44:54'),(84,28,'-1','2001-12-15 15:06:41'),(63,24,'1','1999-06-03 18:12:42'),(62,38,'-1','1993-10-18 17:06:13'),(22,17,'1','1986-11-15 12:18:49'),(23,70,'1','1991-03-29 17:22:27'),(46,97,'1','2009-09-12 15:03:44'),(64,77,'-1','2011-05-29 22:55:37'),(79,92,'-1','2019-10-06 13:20:33'),(5,27,'1','2015-08-30 09:56:35'),(86,60,'1','2003-02-14 10:18:53'),(14,20,'-1','1970-07-11 15:21:06'),(10,20,'-1','2001-08-12 17:24:32'),(9,37,'1','2018-06-11 07:03:15'),(12,24,'1','2015-09-14 00:39:14'),(36,9,'-1','1993-08-07 22:17:26'),(41,72,'-1','2011-04-03 10:23:35'),(95,33,'-1','1977-03-16 10:58:37'),(54,47,'-1','2012-09-08 08:50:01'),(85,35,'-1','1985-06-27 14:51:15'),(60,36,'1','1975-12-26 17:00:37'),(46,72,'-1','1999-03-04 00:45:15'),(47,54,'-1','2004-01-12 14:08:04'),(100,53,'-1','1974-02-24 03:37:52'),(56,4,'1','2016-02-13 01:50:14'),(78,57,'1','1986-08-25 00:39:46'),(25,76,'1','2001-11-16 09:07:21'),(90,6,'1','1983-05-19 09:17:44'),(74,4,'-1','2016-06-03 12:24:34'),(99,99,'1','2019-04-17 07:59:07'),(74,81,'-1','1985-01-04 07:47:25'),(70,11,'-1','2016-08-23 20:49:12'),(28,10,'-1','2020-02-23 20:42:41'),(30,18,'1','2012-01-31 01:07:52'),(66,58,'-1','1974-02-10 13:51:48'),(40,36,'-1','2002-06-22 05:45:17'),(99,4,'1','2020-06-06 15:57:40'),(76,13,'1','2004-05-24 11:11:41'),(83,53,'1','2012-10-12 07:58:41'),(84,26,'1','1997-03-19 15:04:29'),(73,68,'1','1988-03-31 01:00:59'),(11,65,'-1','1972-03-02 14:44:50'),(36,18,'1','1971-05-19 08:59:05'),(45,94,'1','1985-01-28 18:11:18'),(18,15,'-1','1989-05-24 09:50:54'),(54,92,'1','1972-02-17 03:07:36'),(16,15,'1','1992-05-21 02:54:57'),(16,98,'-1','2000-02-03 23:08:32'),(34,45,'-1','1977-08-16 00:24:04'),(22,30,'-1','2004-08-12 11:27:41'),(8,13,'1','1997-10-16 12:16:16'),(70,75,'1','1979-05-30 04:06:23'),(28,38,'1','1991-12-03 11:42:47'),(29,62,'1','2019-11-09 09:44:01'),(61,96,'-1','2012-05-05 06:47:33'),(17,92,'1','2000-07-22 06:55:42'),(3,74,'-1','1972-07-23 13:22:53'),(64,93,'-1','2001-10-28 02:18:11'),(11,44,'-1','1983-12-09 00:01:42'),(62,40,'1','1997-10-23 05:19:33'),(75,67,'1','1975-12-31 11:32:44'),(89,14,'1','1995-03-18 18:02:19'),(18,69,'-1','1971-10-27 17:03:39'),(25,2,'-1','1974-08-08 03:20:36'),(68,5,'-1','1977-03-11 18:20:17'),(67,16,'-1','1988-05-04 14:53:20'),(29,63,'-1','2013-01-07 11:38:24'),(45,70,'1','1980-07-13 16:12:02'),(37,58,'1','2009-04-28 07:37:42'),(48,79,'1','1986-01-12 13:14:11'),(31,22,'1','1971-10-23 23:28:07'),(9,71,'1','1972-03-10 22:31:34'),(54,87,'-1','1977-06-23 02:56:22'),(40,24,'1','1999-06-16 05:25:31'),(38,57,'-1','1995-12-14 19:40:41'),(69,14,'-1','1999-11-17 13:54:14'),(29,97,'1','2011-08-14 03:58:57'),(40,45,'1','2015-10-23 00:27:15'),(12,31,'1','2001-10-24 22:20:58'),(41,19,'-1','1987-01-11 01:27:21'),(65,3,'-1','2012-10-19 17:29:29'),(4,58,'-1','2011-03-06 07:49:15'),(25,81,'1','1995-08-02 07:22:47'),(14,28,'1','2007-03-04 09:47:27'),(92,96,'-1','1982-05-31 11:52:27'),(18,98,'1','1989-10-20 10:21:09'),(14,1,'-1','1977-06-11 23:46:43'),(17,9,'-1','2007-07-01 10:36:52'),(42,43,'1','1997-10-27 02:55:30'),(56,86,'-1','1975-03-27 06:22:43'),(57,1,'1','1982-03-26 01:05:16'),(15,48,'1','1991-01-11 01:29:23'),(3,37,'1','1988-09-22 15:56:21'),(69,38,'1','2003-03-01 14:32:15'),(36,79,'1','2016-03-19 03:48:53'),(74,79,'-1','1985-11-11 17:37:29'),(59,61,'1','2015-02-10 11:20:03'),(72,65,'1','1993-06-27 20:55:12'),(83,42,'1','1999-09-04 16:20:47'),(1,17,'-1','2018-05-12 01:13:06'),(52,56,'-1','1981-08-17 00:32:33'),(59,28,'1','1986-02-24 14:14:29'),(37,71,'1','1981-03-16 13:21:17'),(7,73,'-1','2019-01-26 13:25:27'),(22,49,'1','2003-12-23 18:13:36'),(91,28,'1','1998-05-30 06:22:55'),(89,92,'1','1979-12-25 13:25:47'),(72,77,'1','1983-07-29 14:24:10'),(91,6,'1','1977-02-16 01:07:52'),(38,1,'1','1990-01-08 05:32:28'),(16,85,'-1','1976-08-28 22:14:11'),(68,23,'1','1988-10-22 20:41:32'),(90,57,'-1','1970-04-22 05:02:05'),(44,15,'-1','2001-03-26 17:25:39'),(51,6,'-1','1986-11-11 02:28:32'),(21,84,'1','1973-08-30 05:49:58'),(51,3,'1','1980-06-26 19:47:50'),(92,61,'-1','1995-11-23 05:16:21'),(8,97,'1','1975-04-30 12:55:08'),(64,99,'-1','2003-06-14 07:18:56'),(96,6,'1','1978-09-29 07:40:42'),(86,33,'-1','2002-07-27 03:30:23'),(40,45,'1','1971-11-19 03:36:27'),(44,27,'1','2015-01-14 09:59:47'),(1,97,'-1','1995-07-10 03:49:23'),(70,4,'1','1995-10-02 09:41:07'),(47,29,'1','2003-08-25 06:20:52'),(25,34,'1','1988-04-10 19:37:21'),(84,82,'1','2016-06-02 23:05:24'),(46,9,'1','2015-01-05 10:17:36'),(75,98,'1','1994-06-18 06:42:57'),(38,61,'1','1975-10-17 12:19:27'),(64,12,'1','2015-10-17 02:59:25'),(5,75,'-1','2011-01-23 20:55:17'),(33,39,'-1','1971-04-29 16:13:19'),(49,67,'-1','1970-01-01 19:59:59'),(44,21,'-1','2002-06-23 16:35:35'),(74,4,'-1','2018-01-19 20:15:26'),(39,56,'1','2003-09-07 16:47:14'),(71,66,'1','2014-06-22 04:05:40'),(37,61,'-1','2011-12-24 21:02:26'),(71,7,'1','1970-12-24 00:47:50'),(45,51,'-1','2015-01-30 09:19:53'),(13,33,'-1','2016-10-21 02:01:16'),(27,12,'-1','1999-03-12 13:39:12'),(97,60,'-1','2005-04-24 06:44:12'),(3,64,'-1','2016-01-03 07:45:12'),(22,39,'-1','2002-03-11 13:52:02'),(1,1,'-1','2008-05-10 22:14:42'),(38,90,'-1','1998-05-13 01:53:14'),(87,46,'1','1971-09-14 11:13:35'),(19,58,'-1','1991-03-25 16:50:53'),(34,52,'1','1993-11-23 02:22:11'),(14,88,'-1','1982-10-04 11:31:22'),(68,81,'-1','1973-02-28 08:27:24'),(98,40,'1','1990-05-23 02:04:51'),(84,57,'-1','2007-09-05 16:50:54'),(26,66,'-1','1997-05-02 15:09:22'),(76,57,'-1','1972-01-14 05:45:00'),(5,87,'-1','1999-03-26 01:11:14'),(93,63,'1','1983-07-25 20:13:56'),(49,52,'-1','1986-02-10 03:22:54'),(67,72,'-1','2002-09-20 11:46:32'),(89,2,'1','2011-06-28 17:57:42'),(41,94,'1','1999-09-27 19:25:10'),(36,63,'-1','1997-09-04 11:13:09'),(60,33,'-1','1987-01-16 10:27:33'),(88,76,'1','1987-06-22 22:38:43'),(63,82,'-1','2011-04-09 09:02:27'),(50,79,'-1','1979-04-08 09:31:11'),(58,50,'-1','2011-05-30 09:09:44'),(43,13,'-1','1992-06-28 21:35:10'),(38,14,'-1','2004-06-14 12:59:45'),(60,30,'1','1980-03-01 01:46:35'),(84,7,'1','2002-09-04 15:21:45'),(43,45,'1','2009-03-23 00:56:25'),(61,3,'1','2019-06-20 16:16:44'),(75,81,'-1','1977-05-26 00:30:54'),(92,96,'1','1980-09-25 12:10:52'),(35,35,'-1','1992-01-11 08:59:04'),(99,86,'-1','1999-11-19 00:58:24'),(88,27,'1','2002-01-13 21:23:48'),(45,74,'1','1971-11-19 10:35:34'),(59,88,'-1','1977-05-29 17:54:32'),(58,19,'-1','2002-11-05 17:34:50'),(15,30,'1','2019-01-02 23:56:15'),(99,92,'-1','1975-02-09 09:17:04'),(48,71,'1','1973-04-13 04:07:12'),(45,80,'-1','2018-12-10 02:41:47'),(81,84,'1','2010-07-09 07:15:54'),(69,82,'1','1983-08-07 20:49:53'),(99,55,'1','2002-07-30 18:49:04'),(90,31,'1','1989-06-21 02:00:31'),(51,88,'-1','1975-11-18 10:27:14'),(86,45,'-1','1995-04-24 04:08:17'),(75,60,'1','2014-11-20 10:51:07'),(19,68,'-1','1998-03-27 14:13:31');
/*!40000 ALTER TABLE `comment_votes` ENABLE KEYS */;
UNLOCK TABLES;

--
-- Table structure for table `comments`
--

DROP TABLE IF EXISTS `comments`;
/*!40101 SET @saved_cs_client     = @@character_set_client */;
/*!50503 SET character_set_client = utf8mb4 */;
CREATE TABLE `comments` (
  `id` bigint unsigned NOT NULL AUTO_INCREMENT,
  `post_id` bigint unsigned NOT NULL,
  `user_id` bigint unsigned NOT NULL,
  `parent_id` bigint unsigned DEFAULT NULL,
  `created_at` datetime DEFAULT CURRENT_TIMESTAMP,
  `updated_at` datetime DEFAULT CURRENT_TIMESTAMP ON UPDATE CURRENT_TIMESTAMP COMMENT 'Время обновления строки',
  `body_text` text NOT NULL,
  PRIMARY KEY (`id`),
  UNIQUE KEY `id` (`id`),
  KEY `comments_user_id_fk` (`user_id`),
  KEY `comments_post_id_fk` (`post_id`),
  KEY `comments_parent_id_fk` (`parent_id`),
  CONSTRAINT `comments_parent_id_fk` FOREIGN KEY (`parent_id`) REFERENCES `comments` (`id`),
  CONSTRAINT `comments_post_id_fk` FOREIGN KEY (`post_id`) REFERENCES `posts` (`id`) ON DELETE CASCADE,
  CONSTRAINT `comments_user_id_fk` FOREIGN KEY (`user_id`) REFERENCES `users` (`id`)
) ENGINE=InnoDB AUTO_INCREMENT=101 DEFAULT CHARSET=utf8mb4 COLLATE=utf8mb4_0900_ai_ci;
/*!40101 SET character_set_client = @saved_cs_client */;

--
-- Dumping data for table `comments`
--

LOCK TABLES `comments` WRITE;
/*!40000 ALTER TABLE `comments` DISABLE KEYS */;
INSERT INTO `comments` VALUES (1,100,76,70,'1983-03-07 02:25:36','2020-12-23 23:13:51','Deserunt reiciendis aut autem est at quis error. Dolorem exercitationem aut ipsam repudiandae sapiente. Hic perferendis qui quibusdam perspiciatis. Eaque quo sed et aliquam.'),(2,18,96,49,'1971-10-19 14:09:28','2020-12-23 23:13:50','Aut recusandae autem impedit delectus aperiam. Quas aut facilis consequatur ratione iusto quaerat. Id quae voluptate quam ex commodi.'),(3,89,51,NULL,'1970-06-22 14:43:18','2020-12-23 23:13:47','Quaerat eaque a id labore. Et et hic saepe voluptatibus pariatur quis. Quia explicabo et eaque voluptatem id. Expedita pariatur veritatis est deserunt dolor cupiditate blanditiis. Consequuntur consequatur voluptatem voluptatem mollitia incidunt cum deserunt eos.'),(4,90,67,26,'2020-11-19 19:02:28','2020-12-23 23:13:50','Rerum iure iste et et inventore. Distinctio vero laudantium itaque voluptas sed assumenda assumenda. Quam sed praesentium quas quasi molestias. Voluptatum ut aut omnis debitis vero nulla. Eius et dolores est possimus dolore.'),(5,85,81,NULL,'1990-05-21 14:40:29','2020-12-23 23:13:47','Ex consectetur magni voluptas. Ullam dolor officiis quae nihil quia labore cumque. Ipsam temporibus delectus ut mollitia ut a.'),(6,53,6,NULL,'2002-02-20 22:13:53','2020-12-23 23:13:47','Dolor modi omnis reiciendis quis sapiente repellat eum rem. Dolores qui laudantium quam odit dolorem dolore deserunt.'),(7,9,85,5,'2001-04-26 08:43:04','2020-12-23 23:13:49','Id temporibus quia est. Eos adipisci ut incidunt. Nulla fugit ut voluptatem voluptatibus.'),(8,87,8,NULL,'1989-02-02 18:41:37','2020-12-23 23:13:47','Animi voluptates hic accusantium pariatur perferendis ab. Deserunt sit ipsum adipisci voluptate qui maiores tempore. Error corrupti odit nulla iure et.'),(9,8,85,NULL,'2001-03-08 07:32:33','2020-12-23 23:13:08','Nihil fugit ullam ipsa asperiores ut esse. Velit dolorem qui saepe quo dolorem nemo assumenda. Sint voluptatem distinctio quia deserunt et consequatur.'),(10,79,100,NULL,'2005-09-17 21:38:47','2020-12-23 23:13:08','Fuga ut voluptate tempora error. Ut autem incidunt nobis nobis rem accusantium. Quia hic qui amet sint inventore delectus non.'),(11,70,42,26,'1997-06-25 20:59:53','2020-12-23 23:13:49','Rerum repellendus et et sed. Vero suscipit velit et amet corrupti. Cupiditate occaecati mollitia alias in aperiam provident rerum. Est aperiam optio recusandae.'),(12,11,12,NULL,'2005-04-24 20:41:54','2020-12-23 23:11:31','Sunt saepe eos asperiores est laboriosam eum ratione. Excepturi deleniti animi rerum perspiciatis nulla maxime est.'),(13,46,34,10,'2013-01-16 08:33:07','2020-12-23 23:13:50','Dolor libero optio illum hic ad. Magnam et unde sequi nemo ut ipsa. Et sit delectus aut voluptatem natus fugit consectetur. Ad sapiente et ipsam est.'),(14,95,34,88,'1980-05-31 12:58:48','2020-12-23 23:13:50','Non eius non repudiandae corporis voluptas cupiditate vero. Quod dolores autem voluptatum laborum. Nihil adipisci ut iure iusto qui rem.'),(15,38,69,59,'2010-12-28 13:36:39','2020-12-23 23:13:50','Dolores reprehenderit qui quia. Molestiae molestiae occaecati minima molestiae nihil esse quo. Quia nihil labore omnis aperiam rem corrupti voluptatum. Sunt aliquid labore quia beatae expedita et quasi.'),(16,2,39,100,'2008-08-16 22:58:31','2020-12-23 23:13:49','Sapiente nisi ipsam debitis nisi hic. Porro veritatis inventore iste ipsam. Explicabo veniam officia veritatis alias.'),(17,98,89,NULL,'1981-05-10 13:55:10','2020-12-23 23:13:47','Autem aliquam quae voluptas fuga est praesentium officia. Magni illo temporibus aut quos. Nesciunt nostrum sit dolorum iure neque recusandae hic. Eligendi ut quis quia non molestias ducimus. Fugiat rerum velit tempora reiciendis.'),(18,81,25,NULL,'1986-06-22 15:28:39','2020-12-23 23:13:08','Soluta rerum ab quia voluptate ut sed. Fugiat enim sit nulla facilis et. Sequi qui atque sed rerum odio explicabo similique reprehenderit.'),(19,10,61,14,'1991-08-24 08:05:42','2020-12-23 23:13:51','Rerum voluptates beatae quia atque. Et officia rerum perferendis qui aut repellat. Accusantium ea laudantium provident laudantium. Sed beatae eum ea sunt non et eos.'),(20,8,27,8,'2013-01-22 03:41:53','2020-12-23 23:13:49','Quidem totam doloremque in neque officiis. Repellendus laudantium laborum omnis voluptas fugit sit. Veritatis ut dolorum ut doloremque.'),(21,10,51,NULL,'2009-10-29 13:17:59','2020-12-23 23:13:47','Voluptatibus voluptatibus odio officiis iste excepturi natus. Sit consequatur accusamus est sint corrupti accusamus nobis. Sint laboriosam exercitationem aut vel velit nobis. Iusto quas distinctio harum. Quia nulla dolores nisi.'),(22,25,75,NULL,'2011-02-27 15:14:52','2020-12-23 23:11:31','Et molestias quod enim voluptatem. Aut quia consequatur nesciunt ut qui voluptatem. Pariatur et earum alias ipsum ducimus excepturi repellat cum. Ea cumque recusandae eveniet repellat qui. Deserunt incidunt quisquam totam exercitationem similique.'),(23,95,23,31,'1994-06-24 07:01:12','2020-12-23 23:13:51','Sint molestiae accusamus dolor voluptatum architecto. Autem vitae fugiat est deleniti eaque. Architecto ut tempore expedita provident.'),(24,98,89,NULL,'1996-11-28 21:42:29','2020-12-23 23:13:47','Magni veniam ut et et porro repellat. Et dignissimos consectetur dolore a sint ut sit culpa. Quod quas non aperiam velit.'),(25,6,76,NULL,'1996-12-11 08:50:44','2020-12-23 23:11:31','In veritatis quam expedita dolorum. Maiores soluta qui modi et est. Voluptatibus dolores nulla dolor explicabo eum ipsam enim.'),(26,36,10,NULL,'1980-11-03 12:26:21','2020-12-23 23:13:47','Est aut consequatur magnam possimus at non officia. Aut nobis incidunt similique. Sed et sint ducimus. Molestiae ut et temporibus possimus repellendus corporis. Sint quis aperiam magni aspernatur fuga tempora.'),(27,59,23,NULL,'1990-06-27 00:07:07','2020-12-23 23:11:31','Non numquam explicabo neque qui vitae sapiente voluptatum. Eum fugiat placeat perferendis autem quia magni. Sit voluptas ex omnis et molestias odit velit.'),(28,89,86,NULL,'2011-08-25 09:29:59','2020-12-23 23:13:47','Ex sit voluptate deleniti error ducimus nobis. Saepe porro odit incidunt quas. Consequatur deleniti officia fugiat illum molestiae facere. Omnis similique itaque dolorem aut ullam ut aut neque.'),(29,67,58,71,'2016-03-18 11:24:27','2020-12-23 23:13:50','Dolorum et ad ipsa quasi harum. Explicabo libero at quo est. Error ad et dignissimos a sed est molestias.'),(30,67,31,NULL,'1986-07-29 19:49:25','2020-12-23 23:13:47','Dolorem non eius quos. Et neque et quia omnis culpa. Ratione fugit laborum consequuntur.'),(31,34,81,NULL,'1980-10-20 15:15:07','2020-12-23 23:13:47','Nobis qui non ut expedita. Laboriosam quos commodi assumenda voluptatibus nam nam fugiat. Delectus mollitia sequi deserunt temporibus odio eaque.'),(32,67,11,NULL,'1986-07-27 00:33:37','2020-12-23 23:11:31','Sit quo molestias occaecati rerum dignissimos. Nihil earum dolores at voluptatem eaque inventore ut. Eligendi neque veniam consequatur sint nesciunt.'),(33,35,14,97,'1984-11-08 21:02:10','2020-12-23 23:13:51','Tempore nobis repudiandae ut beatae. Quisquam et adipisci harum qui rem rem. Voluptatem aut et repellat. Cum modi rerum iusto iste quo.'),(34,74,34,NULL,'2018-10-20 17:03:32','2020-12-23 23:13:47','Eum qui laborum maxime blanditiis. Aut et quo animi minus quidem inventore. Nihil minus iure neque et tempore.'),(35,65,30,56,'1991-11-25 15:06:26','2020-12-23 23:13:50','Molestiae occaecati veritatis nihil cumque dolorum quaerat deserunt. Doloremque doloremque ut sed non quia.'),(36,100,46,43,'2001-12-07 06:14:15','2020-12-23 23:13:49','Voluptatem architecto quia delectus pariatur sed natus. Ut dolores consequatur eius omnis sed earum perspiciatis. Fuga modi minima eum. Velit est iusto dolorem magnam est saepe.'),(37,7,42,97,'2004-07-07 17:36:33','2020-12-23 23:13:49','Velit porro similique tempora vel voluptatibus quia. Tempora ut autem quas cumque quos non quaerat. Voluptas non consequatur culpa sit. Iusto tempora molestias voluptas omnis suscipit.'),(38,34,69,6,'2005-01-23 20:32:16','2020-12-23 23:13:49','Esse quia consequuntur enim dolores. Earum veniam iusto et consequatur nihil. Ut voluptatem deserunt sit ut autem ab.'),(39,47,19,99,'2000-05-16 03:13:09','2020-12-23 23:13:51','Maiores reiciendis corporis eum ut. Accusantium voluptatum officiis quia facere veritatis corporis. Eligendi omnis natus quia praesentium officia assumenda.'),(40,35,87,NULL,'2010-06-06 09:03:23','2020-12-23 23:13:47','Rem nulla sit aut reiciendis. Et provident voluptatibus a iusto. Sit vero velit animi est. Quia eum illo in perferendis illum corporis sint voluptatum.'),(41,33,79,NULL,'2010-12-02 17:46:27','2020-12-23 23:13:47','Consequuntur rem reprehenderit doloremque aut. Quod et aperiam maxime ea ut exercitationem vero.'),(42,57,32,NULL,'1981-10-29 17:07:01','2020-12-23 23:13:47','Illum aut nesciunt pariatur velit quo officiis ut aut. Molestiae voluptas modi nesciunt nihil omnis cumque deserunt. Occaecati provident nihil ratione.'),(43,87,24,24,'1987-08-04 17:34:26','2020-12-23 23:13:49','Molestias debitis iusto corporis tempora. Eum in sit adipisci adipisci velit fuga eveniet. Natus et ex debitis voluptas fugit rem.'),(44,64,21,9,'2010-06-08 10:15:29','2020-12-23 23:13:51','Natus hic inventore minima adipisci laudantium. Modi rerum consequatur non inventore. Aperiam tempore minima quis. Perspiciatis est sed et et at tempora et laboriosam.'),(45,58,32,90,'1985-04-27 22:38:29','2020-12-23 23:13:51','Omnis praesentium nisi quo quas veniam quis. Dolores distinctio dolor iusto eaque. Aut ipsum ut eos maxime eos nulla. Provident at beatae amet dolor officia voluptatem.'),(46,97,99,88,'1993-05-04 19:19:41','2020-12-23 23:13:51','Illo accusantium eos sunt nemo quaerat. Quia repellat non assumenda non aperiam optio. Tenetur vel et atque sit.'),(47,12,100,NULL,'2000-10-26 03:38:07','2020-12-23 23:13:47','Quis aut magni at alias accusantium. Accusamus autem sed vero magni.'),(48,66,99,NULL,'1994-06-19 13:04:57','2020-12-23 23:13:47','Repellendus deleniti omnis eius. Ut ipsam dolor et quaerat voluptatem. Sed asperiores animi eos sapiente.'),(49,96,95,66,'1981-09-14 10:19:59','2020-12-23 23:13:51','Molestiae vel esse est officia et maxime voluptas. At sint laboriosam sed. Laborum aut iusto ipsum repellendus vel. Modi saepe harum eaque magnam quis.'),(50,81,78,47,'2000-07-28 16:25:09','2020-12-23 23:13:51','Dolores tenetur sed eos et rem sit. Deserunt sunt ut autem qui commodi dignissimos quasi. Iste totam ut aperiam ex.'),(51,15,6,NULL,'2009-11-24 08:36:54','2020-12-23 23:13:47','Aliquam voluptatibus magni voluptatem aliquid illum rerum alias. Assumenda rerum facere sapiente alias assumenda iste est. Sit autem eos error error et tempora omnis. Voluptas consequatur autem voluptatum veritatis blanditiis est enim explicabo. Et dolores deserunt aut laudantium.'),(52,34,96,NULL,'1971-02-17 00:09:01','2020-12-23 23:13:47','Quibusdam deserunt aspernatur et rerum enim possimus temporibus est. Modi saepe qui ea vero quae qui. Enim magni omnis ipsa consequatur impedit quasi quasi similique.'),(53,23,61,38,'1994-05-29 04:56:52','2020-12-23 23:13:49','Culpa distinctio delectus ratione consequatur voluptas. Quod impedit quia tempora quisquam minima odio. Qui deleniti rerum laboriosam et ut ea. Explicabo voluptatem reiciendis voluptate culpa.'),(54,12,17,NULL,'1998-09-09 06:28:54','2020-12-23 23:11:31','Consequatur odit dolorem minus qui sed modi facere. Optio aut ut ratione totam aut voluptatem sunt doloremque. Nesciunt pariatur suscipit unde voluptatibus quod qui enim.'),(55,92,1,8,'1997-02-23 16:37:37','2020-12-23 23:13:49','Recusandae est culpa ea eum perferendis in aut. Omnis architecto reiciendis ab quas culpa. Qui ipsam sit et soluta at fugiat impedit. Repudiandae molestiae est est non.'),(56,21,52,NULL,'2010-07-29 01:41:34','2020-12-23 23:11:31','Dolore inventore voluptas et qui porro optio nesciunt. Qui corporis eum in minima amet nisi expedita. Iusto est soluta nisi sed. Eos voluptate veritatis delectus amet magni.'),(57,29,59,NULL,'1973-01-25 00:39:02','2020-12-23 23:13:47','Ipsam voluptas repellendus totam. Quis quos quas dicta numquam sunt occaecati. Non non cum excepturi sunt.'),(58,81,39,NULL,'2019-01-11 19:54:11','2020-12-23 23:11:31','Non facere velit mollitia dolores aliquid. Dolores aut et ducimus est ea. Nam ipsa iste accusantium molestiae quia.'),(59,16,18,35,'2019-08-04 02:51:11','2020-12-23 23:13:51','Facilis consequatur rem aliquid est aut cumque ducimus. Omnis et praesentium ab. Nisi inventore vero molestias dolorum. Rem in quis ab corporis dolorem odio libero.'),(60,39,71,NULL,'1990-03-10 04:52:53','2020-12-23 23:13:47','Consequatur itaque dolor neque officiis. Qui natus qui voluptas aut ea. Esse repellendus ut eum voluptatibus et sed commodi. Ut aut quo amet ipsum. Aliquam totam provident voluptatem ipsam sunt animi.'),(61,48,100,NULL,'1982-04-17 19:31:12','2020-12-23 23:13:08','Perferendis molestias accusamus porro itaque. Est fuga corporis repellat. Aliquam ratione ea nostrum dolores adipisci voluptate ut. Aut necessitatibus sequi voluptatem tempora.'),(62,19,87,NULL,'1977-01-12 11:55:03','2020-12-23 23:13:47','Aspernatur sunt ratione totam. Culpa fugiat voluptates pariatur dolorem repudiandae sed expedita. Ipsam in adipisci ut nostrum porro. Quidem non nemo fugiat molestiae voluptas natus ut.'),(63,52,35,28,'1981-09-22 14:58:31','2020-12-23 23:13:49','Est odit fugiat maiores iste aut. Eius vitae similique velit veniam reiciendis aliquid consectetur hic. Vel exercitationem illo ad aliquam.'),(64,3,14,92,'1994-01-26 04:23:42','2020-12-23 23:13:50','Ex vel hic consectetur voluptatem fugiat tempora aut officiis. Repellat illo quam dolorem minus fugiat. Dignissimos qui voluptatem ut et. Et in quasi error. Culpa ex consectetur expedita.'),(65,60,65,31,'1999-11-02 18:53:51','2020-12-23 23:13:51','Dolores error praesentium est iure sapiente quidem. Sed incidunt omnis eos tempore. Est dicta eum mollitia et odio. Provident in quo incidunt modi.'),(66,88,83,NULL,'1991-10-27 04:48:06','2020-12-23 23:13:47','Mollitia excepturi illum expedita laudantium aliquid. Rerum rem eveniet sit vero sed sequi. Rem praesentium quas blanditiis asperiores accusantium.'),(67,62,17,NULL,'1977-05-30 01:08:49','2020-12-23 23:11:31','Voluptatum molestiae saepe eum molestias ex dolorum. Id vel mollitia officia quos voluptatem culpa beatae. Ab quia veniam rerum qui non mollitia et.'),(68,45,37,14,'1998-12-13 08:40:04','2020-12-23 23:13:51','Est qui officia voluptas qui. Pariatur eum sit enim perspiciatis id et. Ut et eaque vero qui.'),(69,36,31,NULL,'2017-07-16 00:14:22','2020-12-23 23:13:08','Non inventore vero autem. Earum officia quo quae. Reiciendis odio et temporibus. Et qui sunt reprehenderit assumenda alias consequatur.'),(70,47,47,63,'2006-12-06 16:35:46','2020-12-23 23:13:50','Facilis autem quia quasi expedita perferendis. Assumenda quidem aut veniam facilis animi. Est ut quas animi autem quis molestiae veniam.'),(71,27,40,NULL,'2020-08-30 01:38:49','2020-12-23 23:11:31','Perspiciatis corrupti recusandae praesentium quo autem esse dolores. Mollitia expedita id iusto consectetur sunt hic sit quis. Aut ut et ea est quae repellat. Et sint omnis sit dolor consequatur sapiente.'),(72,93,58,NULL,'1982-07-07 13:34:26','2020-12-23 23:11:31','Aut assumenda enim dicta inventore et impedit. Perspiciatis praesentium dolorum rerum sint quidem. Impedit dolor officia repellendus voluptatem saepe. Aspernatur consequatur laboriosam dicta fuga.'),(73,84,72,75,'2009-03-22 09:12:19','2020-12-23 23:13:51','At deleniti qui dignissimos earum repudiandae. Architecto nisi placeat ratione molestias consequatur. Delectus nobis similique provident cupiditate est maxime.'),(74,38,84,NULL,'2001-08-05 08:41:02','2020-12-23 23:13:47','Rem quam quibusdam necessitatibus pariatur et sed. Corrupti sint est maiores. Dolores magnam totam temporibus nisi tempore. Iste et ut aperiam asperiores animi optio quo modi.'),(75,40,3,35,'2004-09-25 23:09:55','2020-12-23 23:13:51','Officia qui laboriosam dolor. Earum veritatis aliquam est deleniti. Eum nobis libero officiis consectetur et. Et qui sunt odio ut sunt.'),(76,84,65,NULL,'1973-04-05 00:12:08','2020-12-23 23:13:08','Iure atque voluptatibus ex recusandae dicta. Expedita pariatur expedita occaecati eum. Reiciendis natus qui et odio debitis reiciendis fugit.'),(77,2,13,NULL,'2013-03-01 08:09:26','2020-12-23 23:13:47','Porro optio eius praesentium et velit quia iusto. Ut distinctio ad praesentium consequuntur fugiat aspernatur.'),(78,56,69,56,'1988-12-13 06:45:26','2020-12-23 23:13:49','Ut eaque aut modi labore. Illum et tenetur qui voluptas totam. Voluptatem et quae et. Nobis exercitationem reiciendis est et.'),(79,72,5,66,'2019-11-18 12:03:32','2020-12-23 23:13:50','Ut a nihil molestias facere numquam quibusdam sint aut. Aut molestiae consequatur molestiae quos et quis incidunt. Ad est quasi unde est provident.'),(80,92,20,75,'1984-08-09 23:10:29','2020-12-23 23:13:51','Sequi delectus neque praesentium dolor. Commodi maxime provident itaque perspiciatis rem consequatur. Deserunt ipsa similique vel quia inventore itaque quaerat quam. Molestiae sint aliquam officiis molestias aut illo enim.'),(81,44,84,76,'1996-09-01 07:26:46','2020-12-23 23:13:51','Amet officia quo consequatur nihil. Ea consequatur repudiandae debitis id debitis. Beatae et minus adipisci doloremque consequatur quia voluptas. Quibusdam quas facere consequatur quos.'),(82,42,61,43,'2004-04-07 05:56:24','2020-12-23 23:13:49','Repellat quisquam est eum iste. Vel qui quaerat velit et tempore ut accusantium. Rerum minus distinctio veritatis dolore quae. Eveniet eligendi officia cupiditate voluptatibus et molestiae.'),(83,78,51,NULL,'2007-10-29 15:11:54','2020-12-23 23:11:31','Rerum fuga et sed sit ut nihil. Voluptatum a et impedit nemo a vel. Quasi sequi quae in. Non eum qui sit adipisci dicta sit deserunt architecto.'),(84,63,72,NULL,'2010-07-14 02:48:58','2020-12-23 23:11:31','Unde deserunt eligendi quod quod ea et omnis. Unde reprehenderit quos quia provident. Suscipit et consequatur animi ex aut sunt et ut. Labore sed nam qui blanditiis et ipsa.'),(85,81,8,40,'1982-11-07 11:34:33','2020-12-23 23:13:49','Natus unde voluptates quae iure. Labore officiis praesentium non molestiae nemo numquam. Culpa in natus ut modi nisi iste. Reprehenderit optio et saepe qui officiis corporis.'),(86,15,22,NULL,'2007-04-04 19:32:13','2020-12-23 23:13:47','Ut voluptatum nobis commodi. Quidem ut nulla enim ratione.'),(87,30,86,NULL,'2009-12-12 15:05:17','2020-12-23 23:13:47','Nemo velit quod provident fuga. Vero eaque voluptatem dolores qui. Et qui voluptatem consequuntur eum impedit velit.'),(88,7,61,NULL,'2020-06-26 16:33:19','2020-12-23 23:13:47','Perspiciatis beatae omnis sit vero quia molestiae sunt. Dolores sit eos dolorem itaque adipisci fugit ut sit. Voluptatem qui quae voluptatem tempore qui. Alias labore rerum dignissimos voluptatem id.'),(89,44,50,11,'1983-02-09 21:34:00','2020-12-23 23:13:51','Aut quam soluta iure beatae possimus voluptatem. Adipisci soluta consequatur eius architecto et aliquid. Eaque aspernatur animi natus sunt et.'),(90,97,63,95,'2002-02-25 09:31:09','2020-12-23 23:13:50','Illo atque nulla quibusdam ducimus ex. Quae aliquid molestiae consequatur. Quia id cum velit tempora quia doloremque. Sint minima qui officia magni deleniti nulla sit corporis.'),(91,54,66,NULL,'2007-06-24 09:53:17','2020-12-23 23:13:47','Vel quia non voluptates. Provident sit voluptatem fugiat enim voluptatem necessitatibus consequatur molestiae. Earum perferendis qui ut voluptate veniam.'),(92,77,42,68,'1989-03-28 10:17:04','2020-12-23 23:13:49','Assumenda ipsum nihil quidem officia assumenda. Atque rem reiciendis saepe eum delectus iure voluptatem. Sit blanditiis delectus ullam dicta qui officiis.'),(93,23,10,NULL,'1970-01-28 19:10:16','2020-12-23 23:13:47','Eum explicabo atque beatae. Nihil accusantium voluptas excepturi. Non eum sit qui dolor consequatur. Voluptas culpa eos sunt molestiae vero.'),(94,83,22,NULL,'1989-01-17 01:23:27','2020-12-23 23:13:47','Architecto qui cum ipsa repudiandae ipsum natus exercitationem. Illo eaque suscipit omnis unde. Sunt aut quisquam nihil quos vel nam.'),(95,48,80,NULL,'1985-05-01 11:14:03','2020-12-23 23:13:47','Officia eum enim minus. Optio nihil beatae quod recusandae fuga qui magnam. Deleniti enim possimus dolorem esse animi non enim.'),(96,88,35,25,'2001-05-08 09:11:17','2020-12-23 23:13:50','Perferendis blanditiis est iure voluptas. Eligendi nulla libero quae. Porro expedita porro id quia suscipit consectetur vitae voluptatem. Ratione in aperiam enim voluptate quia.'),(97,95,33,NULL,'2006-06-08 09:58:40','2020-12-23 23:13:47','Magnam dolor praesentium et molestias facilis amet natus non. Voluptas fugit quas consequatur facere blanditiis debitis fugiat. Earum nesciunt illum ut excepturi facilis minima.'),(98,10,62,NULL,'1990-05-29 00:56:20','2020-12-23 23:13:47','Odit consequatur aut a aut dolores quibusdam. Non quia quisquam sequi et assumenda minima. Excepturi corrupti architecto exercitationem voluptas similique.'),(99,65,7,47,'2006-11-30 11:58:56','2020-12-23 23:13:51','Culpa dolores laudantium et sed corporis alias. Eos omnis occaecati earum dolorem corporis veniam fuga. Et et eaque reiciendis ratione quaerat molestias. Consequatur fugiat molestiae quia sequi esse et.'),(100,94,50,8,'2012-02-12 07:16:53','2020-12-23 23:13:50','Sed accusamus ipsum est culpa debitis sit autem dicta. Explicabo culpa sint voluptate non omnis. Adipisci enim necessitatibus sint recusandae.');
/*!40000 ALTER TABLE `comments` ENABLE KEYS */;
UNLOCK TABLES;

--
-- Temporary view structure for view `current_votes_on_posts`
--

DROP TABLE IF EXISTS `current_votes_on_posts`;
/*!50001 DROP VIEW IF EXISTS `current_votes_on_posts`*/;
SET @saved_cs_client     = @@character_set_client;
/*!50503 SET character_set_client = utf8mb4 */;
/*!50001 CREATE VIEW `current_votes_on_posts` AS SELECT 
 1 AS `post`,
 1 AS `author`,
 1 AS `vote_count`*/;
SET character_set_client = @saved_cs_client;

--
-- Table structure for table `media`
--

DROP TABLE IF EXISTS `media`;
/*!40101 SET @saved_cs_client     = @@character_set_client */;
/*!50503 SET character_set_client = utf8mb4 */;
CREATE TABLE `media` (
  `id` bigint unsigned NOT NULL AUTO_INCREMENT,
  `user_id` bigint unsigned NOT NULL,
  `filename` varchar(255) NOT NULL COMMENT 'Путь к файлу',
  `size` int NOT NULL COMMENT 'Размер файла',
  `metadata` json DEFAULT NULL,
  `media_type_id` smallint unsigned NOT NULL COMMENT 'Ссылка на тип контента',
  `created_at` datetime DEFAULT CURRENT_TIMESTAMP COMMENT 'Время создания строки',
  PRIMARY KEY (`id`),
  UNIQUE KEY `id` (`id`),
  KEY `media_user_id_fk` (`user_id`),
  KEY `media_media_type_id_fk` (`media_type_id`),
  CONSTRAINT `media_media_type_id_fk` FOREIGN KEY (`media_type_id`) REFERENCES `media_types` (`id`) ON DELETE RESTRICT,
  CONSTRAINT `media_user_id_fk` FOREIGN KEY (`user_id`) REFERENCES `users` (`id`)
) ENGINE=InnoDB AUTO_INCREMENT=101 DEFAULT CHARSET=utf8mb4 COLLATE=utf8mb4_0900_ai_ci;
/*!40101 SET character_set_client = @saved_cs_client */;

--
-- Dumping data for table `media`
--

LOCK TABLES `media` WRITE;
/*!40000 ALTER TABLE `media` DISABLE KEYS */;
INSERT INTO `media` VALUES (1,51,'aut',1004510,'{\"owner\": \"mante.eino\"}',1,'2010-01-13 21:01:40'),(2,55,'esse',1285706,'{\"owner\": \"ybuckridge\"}',2,'1980-08-06 06:21:29'),(3,18,'eum',487824,'{\"owner\": \"mrau\"}',3,'2000-04-08 09:35:43'),(4,25,'rerum',797311,'{\"owner\": \"virginie.schuster\"}',4,'2004-03-04 09:20:05'),(5,70,'est',1858490,'{\"owner\": \"wilma15\"}',5,'2012-03-03 18:53:00'),(6,74,'laborum',1235519,'{\"owner\": \"jkrajcik\"}',6,'1980-06-30 11:59:48'),(7,59,'odio',848459,'{\"owner\": \"rocio19\"}',1,'2017-10-23 07:56:53'),(8,71,'ad',1101056,'{\"owner\": \"renner.molly\"}',2,'1988-08-17 11:16:20'),(9,81,'deserunt',1383941,'{\"owner\": \"susan88\"}',3,'2020-09-06 12:38:43'),(10,90,'laboriosam',1485384,'{\"owner\": \"isaiah.greenfelder\"}',4,'2002-04-06 14:45:58'),(11,8,'ipsam',866835,'{\"owner\": \"oullrich\"}',5,'2017-02-12 07:16:21'),(12,67,'quo',1201415,'{\"owner\": \"veum.jerrell\"}',6,'1982-05-24 10:53:31'),(13,11,'vero',1125378,'{\"owner\": \"lind.kendrick\"}',1,'1989-06-24 19:31:19'),(14,53,'velit',1669451,'{\"owner\": \"dee.mann\"}',2,'2003-11-08 05:25:27'),(15,30,'totam',691170,'{\"owner\": \"kiehn.hattie\"}',3,'2012-12-01 01:27:33'),(16,94,'quasi',1207176,'{\"owner\": \"kmante\"}',4,'2001-01-13 17:54:05'),(17,78,'magni',815819,'{\"owner\": \"braun.herminio\"}',5,'2009-01-22 19:10:24'),(18,7,'reprehenderit',735973,'{\"owner\": \"gage62\"}',6,'2009-10-16 04:05:08'),(19,100,'possimus',741130,'{\"owner\": \"foster33\"}',1,'1996-10-12 05:46:36'),(20,79,'amet',1557716,'{\"owner\": \"mohamed.kuhlman\"}',2,'2016-07-29 21:23:05'),(21,94,'sequi',1026442,'{\"owner\": \"kmante\"}',3,'1980-11-29 02:29:21'),(22,31,'sint',582954,'{\"owner\": \"ogusikowski\"}',4,'2003-04-08 17:39:34'),(23,74,'aspernatur',938162,'{\"owner\": \"jkrajcik\"}',5,'1971-08-11 01:14:55'),(24,74,'inventore',1678488,'{\"owner\": \"jkrajcik\"}',6,'1989-12-02 05:31:39'),(25,51,'dolorum',1547825,'{\"owner\": \"mante.eino\"}',1,'1982-08-12 08:16:27'),(26,30,'error',1402294,'{\"owner\": \"kiehn.hattie\"}',2,'1979-05-27 21:52:58'),(27,99,'vel',813154,'{\"owner\": \"strosin.jaydon\"}',3,'2007-02-02 23:54:38'),(28,2,'ut',929284,'{\"owner\": \"jast.michaela\"}',4,'1978-03-10 19:55:50'),(29,12,'sit',438014,'{\"owner\": \"nkunde\"}',5,'2017-04-06 18:48:11'),(30,55,'ut',1058723,'{\"owner\": \"ybuckridge\"}',6,'2007-02-25 01:41:18'),(31,39,'aut',1273604,'{\"owner\": \"connelly.lorena\"}',1,'2012-02-17 10:32:18'),(32,30,'labore',1769985,'{\"owner\": \"kiehn.hattie\"}',2,'1988-06-15 03:45:09'),(33,33,'id',1267272,'{\"owner\": \"batz.alycia\"}',3,'2017-02-23 11:26:07'),(34,72,'suscipit',1248307,'{\"owner\": \"dejuan.littel\"}',4,'2000-04-26 23:21:59'),(35,62,'perspiciatis',1412397,'{\"owner\": \"emmerich.precious\"}',5,'2014-02-13 02:03:48'),(36,93,'mollitia',1700791,'{\"owner\": \"purdy.isabella\"}',6,'2020-01-17 08:40:32'),(37,78,'reiciendis',703455,'{\"owner\": \"braun.herminio\"}',1,'2008-10-25 01:18:35'),(38,13,'aut',1158534,'{\"owner\": \"cheathcote\"}',2,'2017-06-26 23:32:39'),(39,29,'perferendis',781052,'{\"owner\": \"thad.hudson\"}',3,'2000-09-16 18:24:56'),(40,7,'recusandae',513191,'{\"owner\": \"gage62\"}',4,'2006-07-10 07:54:16'),(41,46,'similique',821170,'{\"owner\": \"price.sauer\"}',5,'1978-07-10 12:00:27'),(42,7,'voluptas',1083521,'{\"owner\": \"gage62\"}',6,'1985-03-30 05:02:38'),(43,100,'sint',1296370,'{\"owner\": \"foster33\"}',1,'1980-04-12 17:17:22'),(44,76,'sapiente',979344,'{\"owner\": \"beer.jovani\"}',2,'1982-08-22 08:06:08'),(45,78,'quasi',1040207,'{\"owner\": \"braun.herminio\"}',3,'1999-07-17 14:30:44'),(46,65,'hic',1049838,'{\"owner\": \"wendell.schiller\"}',4,'2012-03-04 01:42:51'),(47,87,'esse',1685067,'{\"owner\": \"reilly17\"}',5,'2010-08-27 13:57:16'),(48,42,'ab',1667743,'{\"owner\": \"nhuels\"}',6,'2018-01-07 16:56:11'),(49,48,'ut',621510,'{\"owner\": \"ruecker.haleigh\"}',1,'1976-02-22 02:24:07'),(50,11,'provident',899016,'{\"owner\": \"lind.kendrick\"}',2,'2006-09-27 10:19:23'),(51,14,'voluptatem',1587715,'{\"owner\": \"maureen47\"}',3,'1989-10-05 02:36:15'),(52,36,'neque',1175439,'{\"owner\": \"giles.steuber\"}',4,'2002-02-06 12:43:28'),(53,39,'nihil',1143907,'{\"owner\": \"connelly.lorena\"}',5,'1984-02-16 19:48:13'),(54,83,'voluptatem',1255298,'{\"owner\": \"cristobal.moen\"}',6,'1997-04-12 12:00:06'),(55,1,'temporibus',1655492,'{\"owner\": \"ima05\"}',1,'1980-12-23 12:52:19'),(56,54,'quaerat',1256670,'{\"owner\": \"jschoen\"}',2,'2016-11-13 06:54:37'),(57,68,'ut',1077315,'{\"owner\": \"kasandra97\"}',3,'1972-04-22 01:30:16'),(58,76,'expedita',1258949,'{\"owner\": \"beer.jovani\"}',4,'1974-04-06 19:19:50'),(59,74,'et',324209,'{\"owner\": \"jkrajcik\"}',5,'1986-12-31 11:27:41'),(60,43,'veniam',929427,'{\"owner\": \"dannie68\"}',6,'1993-08-23 16:39:54'),(61,92,'magni',1841241,'{\"owner\": \"kuhn.janelle\"}',1,'2004-04-24 17:55:04'),(62,32,'sunt',1718736,'{\"owner\": \"yundt.perry\"}',2,'2002-11-19 17:32:53'),(63,84,'unde',1184827,'{\"owner\": \"jeremie68\"}',3,'2016-05-19 12:20:50'),(64,21,'quidem',1143099,'{\"owner\": \"frowe\"}',4,'1985-01-18 20:03:31'),(65,52,'ea',155443,'{\"owner\": \"abelardo95\"}',5,'2005-08-13 03:10:51'),(66,99,'vero',1765523,'{\"owner\": \"strosin.jaydon\"}',6,'2018-05-14 21:49:39'),(67,39,'omnis',1245954,'{\"owner\": \"connelly.lorena\"}',1,'1984-02-12 21:31:56'),(68,97,'aut',883424,'{\"owner\": \"rebecca38\"}',2,'1999-10-30 09:20:48'),(69,65,'et',1671470,'{\"owner\": \"wendell.schiller\"}',3,'2018-06-02 19:55:35'),(70,37,'facilis',907123,'{\"owner\": \"bins.ian\"}',4,'1986-06-13 08:20:57'),(71,88,'quia',1292109,'{\"owner\": \"tgislason\"}',5,'1972-09-02 15:49:13'),(72,30,'porro',1485962,'{\"owner\": \"kiehn.hattie\"}',6,'1989-07-28 01:52:37'),(73,83,'praesentium',704298,'{\"owner\": \"cristobal.moen\"}',1,'1985-11-05 04:41:41'),(74,26,'animi',1108007,'{\"owner\": \"glenda12\"}',2,'1997-08-21 17:45:05'),(75,80,'velit',1813462,'{\"owner\": \"wheaney\"}',3,'1997-10-09 00:56:04'),(76,21,'qui',1583716,'{\"owner\": \"frowe\"}',4,'1977-05-27 07:03:43'),(77,64,'delectus',869454,'{\"owner\": \"trath\"}',5,'2015-02-09 19:56:04'),(78,56,'laudantium',1366185,'{\"owner\": \"cormier.kasandra\"}',6,'2013-01-29 12:36:12'),(79,87,'iusto',1232429,'{\"owner\": \"reilly17\"}',1,'2007-05-08 16:03:47'),(80,68,'et',1220497,'{\"owner\": \"kasandra97\"}',2,'1996-07-29 21:05:23'),(81,80,'omnis',1197578,'{\"owner\": \"wheaney\"}',3,'2003-04-11 14:41:49'),(82,95,'et',869513,'{\"owner\": \"stiedemann.zoey\"}',4,'1977-03-16 21:44:17'),(83,32,'et',842548,'{\"owner\": \"yundt.perry\"}',5,'2018-12-29 02:00:18'),(84,75,'id',282800,'{\"owner\": \"qmurphy\"}',6,'1988-02-16 21:39:02'),(85,80,'quia',1890268,'{\"owner\": \"wheaney\"}',1,'2018-12-07 18:34:34'),(86,73,'eius',1469903,'{\"owner\": \"qcasper\"}',2,'1983-06-22 12:42:18'),(87,26,'saepe',1015740,'{\"owner\": \"glenda12\"}',3,'2015-12-20 09:01:30'),(88,11,'molestiae',1169944,'{\"owner\": \"lind.kendrick\"}',4,'1998-01-08 10:56:01'),(89,75,'omnis',1187281,'{\"owner\": \"qmurphy\"}',5,'1985-06-20 15:13:14'),(90,41,'qui',1128844,'{\"owner\": \"darlene75\"}',6,'1993-04-02 03:06:57'),(91,80,'sit',862507,'{\"owner\": \"wheaney\"}',1,'1993-01-01 06:35:14'),(92,75,'modi',1328051,'{\"owner\": \"qmurphy\"}',2,'1996-10-05 01:38:41'),(93,37,'ducimus',570401,'{\"owner\": \"bins.ian\"}',3,'1989-12-04 12:19:33'),(94,58,'pariatur',1985160,'{\"owner\": \"dkonopelski\"}',4,'1989-05-30 17:35:39'),(95,81,'dolores',1684447,'{\"owner\": \"susan88\"}',5,'1984-08-29 06:30:49'),(96,27,'enim',238049,'{\"owner\": \"christy.ruecker\"}',6,'1980-10-22 21:31:48'),(97,92,'dolores',1462922,'{\"owner\": \"kuhn.janelle\"}',1,'2009-10-01 01:33:23'),(98,81,'totam',1753080,'{\"owner\": \"susan88\"}',2,'1982-11-17 02:36:07'),(99,28,'consequuntur',1242221,'{\"owner\": \"zola.blanda\"}',3,'2000-05-10 06:50:14'),(100,97,'corporis',924479,'{\"owner\": \"rebecca38\"}',4,'1982-11-14 17:28:43');
/*!40000 ALTER TABLE `media` ENABLE KEYS */;
UNLOCK TABLES;

--
-- Table structure for table `media_types`
--

DROP TABLE IF EXISTS `media_types`;
/*!40101 SET @saved_cs_client     = @@character_set_client */;
/*!50503 SET character_set_client = utf8mb4 */;
CREATE TABLE `media_types` (
  `id` smallint unsigned NOT NULL AUTO_INCREMENT,
  `name` varchar(255) NOT NULL,
  `created_at` datetime DEFAULT CURRENT_TIMESTAMP COMMENT 'Время создания строки',
  `updated_at` datetime DEFAULT CURRENT_TIMESTAMP ON UPDATE CURRENT_TIMESTAMP COMMENT 'Время обновления строки',
  PRIMARY KEY (`id`),
  UNIQUE KEY `id` (`id`),
  UNIQUE KEY `name` (`name`),
  UNIQUE KEY `id_2` (`id`)
) ENGINE=InnoDB AUTO_INCREMENT=7 DEFAULT CHARSET=utf8mb4 COLLATE=utf8mb4_0900_ai_ci;
/*!40101 SET character_set_client = @saved_cs_client */;

--
-- Dumping data for table `media_types`
--

LOCK TABLES `media_types` WRITE;
/*!40000 ALTER TABLE `media_types` DISABLE KEYS */;
INSERT INTO `media_types` VALUES (1,'jpg','1995-01-14 14:58:17','1999-05-31 07:20:17'),(2,'mp4','2004-03-18 06:21:17','2011-05-07 05:21:38'),(3,'avi','2002-12-27 10:00:55','2004-01-21 21:33:30'),(4,'gif','2018-11-06 23:24:39','2020-12-23 22:25:40'),(5,'png','1980-10-19 00:48:15','1985-07-06 02:22:44'),(6,'mpeg','1982-06-18 10:34:49','2000-11-01 08:13:02');
/*!40000 ALTER TABLE `media_types` ENABLE KEYS */;
UNLOCK TABLES;

--
-- Table structure for table `messages`
--

DROP TABLE IF EXISTS `messages`;
/*!40101 SET @saved_cs_client     = @@character_set_client */;
/*!50503 SET character_set_client = utf8mb4 */;
CREATE TABLE `messages` (
  `id` bigint unsigned NOT NULL AUTO_INCREMENT,
  `from_user_id` bigint unsigned NOT NULL,
  `to_user_id` bigint unsigned NOT NULL,
  `created_at` datetime DEFAULT CURRENT_TIMESTAMP,
  `body` text NOT NULL,
  PRIMARY KEY (`id`),
  UNIQUE KEY `id` (`id`),
  KEY `messages_from_user_id_fk` (`from_user_id`),
  KEY `messages_to_user_id_fk` (`to_user_id`),
  CONSTRAINT `messages_from_user_id_fk` FOREIGN KEY (`from_user_id`) REFERENCES `users` (`id`),
  CONSTRAINT `messages_to_user_id_fk` FOREIGN KEY (`to_user_id`) REFERENCES `users` (`id`)
) ENGINE=InnoDB AUTO_INCREMENT=101 DEFAULT CHARSET=utf8mb4 COLLATE=utf8mb4_0900_ai_ci;
/*!40101 SET character_set_client = @saved_cs_client */;

--
-- Dumping data for table `messages`
--

LOCK TABLES `messages` WRITE;
/*!40000 ALTER TABLE `messages` DISABLE KEYS */;
INSERT INTO `messages` VALUES (1,93,61,'1975-11-26 02:51:33','Quia repellendus repudiandae non ut dolorem. Sed accusantium enim amet ut autem et labore ut. Alias dolores vel vel accusantium voluptatibus.'),(2,63,79,'2010-11-14 07:24:17','Eum dolores eum et eveniet et omnis. Blanditiis nostrum suscipit cum voluptas sunt. Sint optio est eos nulla sit quod corrupti temporibus. Odit ea rerum quos corrupti laborum enim nam.'),(3,37,12,'1991-08-11 19:48:49','Accusamus sapiente enim totam reiciendis dolorem optio in. Eveniet deleniti ea ut ut eaque aut ex et. A voluptas ea a autem in. Officiis voluptatem consequatur beatae quas. Similique amet exercitationem quis accusamus quis dolorem.'),(4,94,22,'2004-06-23 00:34:06','Consequatur tenetur quam quam. Nemo quis vel ea aut maiores non.'),(5,59,74,'2000-07-31 21:07:15','Est eveniet sint quia. Odio a modi perspiciatis autem minima ex cumque neque. Aut non optio est molestias.'),(6,15,3,'1993-09-03 19:16:38','Qui iste quo aut temporibus quisquam ipsam. Veritatis sed quasi molestias culpa. Dicta quo minus facilis aut autem.'),(7,95,93,'1999-01-26 22:37:58','Veritatis vel rerum odio culpa. Sunt commodi placeat aliquid aut ut. Omnis nihil eius voluptate corrupti ducimus nostrum tempore et. Aut numquam inventore cumque laudantium libero est.'),(8,29,55,'1971-12-08 12:10:08','Rerum dolores dolore nobis. Rem sed commodi incidunt voluptatem qui nostrum. Animi saepe sapiente sit sed qui exercitationem eligendi. Rerum provident illo quaerat. Corporis et eum impedit sed explicabo eos consequatur.'),(9,60,98,'1996-01-26 18:32:33','Libero nam laboriosam corrupti recusandae voluptate nemo rem. Aut alias sed fuga eveniet labore. Aut dolore aliquam quibusdam illum eaque autem non. Veritatis veniam non quos atque. Similique ut voluptatem quis ipsam consequatur consequatur.'),(10,13,21,'2020-07-24 03:47:23','Harum consectetur minus similique reiciendis itaque. Incidunt esse voluptas accusantium doloremque dolorem. Ullam occaecati et pariatur et fugiat veniam.'),(11,85,12,'2016-05-03 10:10:17','Nihil ad aut aut possimus sint perferendis. Adipisci molestias fugit dignissimos molestiae facere. Aut eum rerum adipisci nobis dolores dolorem. Ut recusandae accusantium nam quasi voluptas voluptate.'),(12,86,94,'1980-03-12 13:55:52','Et molestiae nostrum porro molestiae laborum. Ipsum voluptatem eos tenetur voluptatem necessitatibus. Minus vitae ut reprehenderit est nihil. Reiciendis perferendis aliquid qui.'),(13,75,37,'1972-09-21 22:55:03','Deleniti doloremque quam perferendis ducimus ut eaque animi. Non reiciendis sit quisquam dolores atque maiores. Aut aut quidem tenetur eaque.'),(14,16,100,'1973-05-13 12:24:45','Repellendus est voluptas enim aperiam aliquid labore. Inventore esse ut sint eum. Dignissimos repellendus voluptates modi ut. Quod doloribus odio quia.'),(15,54,90,'1983-01-04 07:03:14','Similique in maxime sunt neque soluta sequi neque. Aliquam voluptatum non debitis cupiditate. Culpa qui aut asperiores velit animi quae quos voluptatem.'),(16,22,50,'1974-08-02 23:04:44','Perspiciatis est sed voluptatem laborum qui voluptas eius. Autem architecto nesciunt ut consequatur unde error. Ratione voluptas maxime unde accusantium quibusdam dolor voluptas. Rerum rerum hic laudantium.'),(17,49,78,'1991-04-27 21:29:10','Error et autem eveniet corporis alias adipisci sed deleniti. Ullam voluptatem saepe soluta est ut est. Recusandae cupiditate recusandae ut.'),(18,77,40,'1976-01-29 13:57:38','Quidem officia enim a vitae et. Et ullam voluptatem eaque modi deserunt veniam sit. Sint enim reprehenderit dolor id aut. Ea et architecto autem tempora provident aperiam.'),(19,39,65,'1999-10-12 11:08:55','Atque et molestias id quia cum. Molestiae maxime alias non eius minus. Nobis dolore hic nihil repudiandae. Sunt nulla dolores nisi minus.'),(20,63,4,'1996-10-09 17:36:35','Culpa reiciendis voluptas quia reprehenderit consequatur autem non. Possimus ducimus rerum nam nisi ex fugiat aut. Consequatur possimus quia officiis quas tempore et. Recusandae quia repellat molestiae sed velit ratione.'),(21,97,24,'1989-09-24 18:12:44','Hic ut eveniet numquam atque ut voluptate. Omnis tenetur at velit ad repudiandae maxime. Consequuntur sint voluptates dolore velit quia dolor.'),(22,94,10,'2020-05-14 19:22:49','Veniam doloremque eum qui tempora illo. Dignissimos quia hic voluptatem quo ad nesciunt nihil. Necessitatibus quam neque molestiae excepturi.'),(23,80,77,'1979-02-04 14:02:50','Molestiae ipsam sed autem cumque voluptatum sit quae. Sunt velit enim autem nemo. Impedit est magnam accusantium est facilis.'),(24,19,54,'2020-07-29 06:36:36','Veniam eius voluptatem omnis tempora. Ut consequatur blanditiis aspernatur commodi blanditiis. Et quia repudiandae harum molestias iure.'),(25,51,37,'2000-08-25 01:33:39','Architecto quidem adipisci nulla aut sed officia. Harum tenetur tempora eligendi rem veritatis recusandae. Consequuntur autem earum ratione rem explicabo in.'),(26,100,22,'2016-11-28 19:52:56','Eius harum totam expedita dolores totam. Rerum sit est libero est. Est et quisquam voluptates sit consequatur natus.'),(27,47,99,'1987-11-24 17:59:58','Ipsum velit voluptates quam et laudantium. Impedit expedita culpa quo minima. Error est libero provident et quidem eligendi dolorem.'),(28,34,30,'2016-11-09 23:30:12','Dolorum delectus exercitationem esse facere voluptas. Id et ab quo natus assumenda veritatis repellat. Vel excepturi sit totam qui sit vero atque.'),(29,26,51,'1997-12-10 07:30:20','Delectus et doloribus doloribus velit. Modi impedit facilis ut rerum aperiam. Aut dolor autem ab et. Voluptas enim consectetur voluptas nostrum recusandae omnis.'),(30,31,64,'1984-07-13 08:09:57','Eos illum blanditiis vel in non voluptas sed. Reprehenderit est id fugit. Occaecati quam molestiae recusandae neque delectus.'),(31,76,66,'1998-01-26 11:53:35','Dolor quasi eveniet et veniam cupiditate. Fugiat consequuntur aut fuga alias ipsam dolorem modi nesciunt. Non consequatur quo culpa. Sequi perspiciatis quasi totam autem optio.'),(32,86,37,'1981-03-04 20:11:31','Ut dignissimos optio ut accusamus sed eius. Dolores aut et vero ullam dolore facere ad nemo. Earum esse libero aperiam id autem debitis. Ut numquam sunt fugiat porro nulla aut aut.'),(33,100,86,'1975-11-24 23:06:08','Aut a quidem quas maxime eum. Facilis ut qui ducimus suscipit. Dicta est doloribus perferendis sunt beatae. Cupiditate ex voluptas temporibus aspernatur eaque nisi ut earum.'),(34,43,20,'2001-07-23 02:12:46','Voluptatum minima non quo fugiat similique omnis rem. Quibusdam aut corrupti illum iusto. Et dolore amet dignissimos voluptatem ut. Laboriosam est autem voluptas corporis veritatis aut rerum ratione. Voluptatem tempora est accusantium aliquid eos voluptas illum.'),(35,14,42,'1999-09-23 19:39:02','Quidem iste eaque soluta cumque nam voluptas nihil. Aut sint repellat optio ut non aut.'),(36,40,51,'1999-08-11 23:26:42','Perspiciatis non eius dolores fuga assumenda placeat. Est non nulla alias aspernatur iusto fuga. Odit veritatis neque quo aliquam nihil autem nihil sequi.'),(37,60,26,'2014-06-18 10:57:10','Autem et provident mollitia est dolore. Aliquid et deleniti eum et in iste incidunt. Quis eius sint optio laborum et animi at. Quis voluptatem ut ullam odio.'),(38,78,77,'1987-04-23 06:30:26','Expedita eius eum provident sed aut atque vero. Aut ipsam non id expedita est. Officiis magni alias reiciendis veniam.'),(39,9,6,'2005-06-17 11:40:19','Error fuga ipsam consequuntur ullam aut vero. Repellendus nihil assumenda odit voluptas autem. Aperiam aut rerum fugit consectetur praesentium ut placeat.'),(40,11,100,'1972-07-28 13:14:44','Illum nemo nisi praesentium corporis ab et. Similique et voluptatem doloribus nobis corporis. Et magnam voluptatem qui eius.'),(41,25,83,'2002-11-17 15:51:15','Provident natus corrupti repellendus similique laudantium hic. Exercitationem quisquam dolores omnis consequatur impedit voluptas laboriosam.'),(42,95,12,'2020-11-13 05:04:52','Illo repudiandae dicta et dolores dolorum. Sapiente ipsa totam totam veniam rerum. Aliquam consequatur nam enim modi ipsum qui sit modi.'),(43,99,9,'2004-09-23 06:23:56','Optio architecto ab recusandae neque saepe illum iure. Est molestias vel occaecati eos iste quia. Inventore facilis consectetur amet fugit.'),(44,9,12,'1996-07-04 13:17:18','Numquam qui expedita eaque et quo laborum. Eos modi enim nihil et et ea aut. Culpa quia odit veniam earum.'),(45,46,30,'2009-01-29 11:44:41','Quae eos voluptatem voluptatem alias. Consequatur recusandae accusantium numquam repellendus. Quaerat fugit ipsam necessitatibus aut. Quasi quia harum quisquam.'),(46,3,15,'1978-01-17 11:06:54','Qui at enim harum dolorem consequatur qui fugit. Expedita dignissimos est labore sed magnam mollitia. Accusantium et nisi rerum consectetur.'),(47,75,84,'2006-01-06 15:12:52','Delectus est dolor illum optio sit eveniet. Dolores totam facere commodi et quidem ea sequi. Dolores deleniti ducimus harum ipsam molestias est. Deleniti odio doloribus aut aliquam molestias.'),(48,67,73,'2016-02-26 18:51:06','Corporis sunt voluptas quas natus ut nemo nobis. Harum repellat doloribus eos id itaque. Labore eveniet autem vitae itaque voluptates rerum.'),(49,9,14,'1985-06-23 01:39:38','Qui velit quas impedit aut omnis magni qui. Provident fuga nemo hic explicabo perspiciatis tenetur. Distinctio et sint est labore. Eos exercitationem qui aut quos et.'),(50,45,52,'1976-07-02 08:03:16','Impedit dicta laboriosam ipsa nam doloribus laboriosam. Sit quia consequatur excepturi provident consequatur nostrum. Et iure itaque a quia et omnis. Facere non quaerat nulla voluptas ad quaerat assumenda.'),(51,95,16,'1975-01-19 19:16:42','Sit est reiciendis eos suscipit non. A maiores laboriosam neque et id. Libero eveniet aut ut possimus ea placeat et. Voluptatem magni provident dolor harum optio repudiandae aut.'),(52,43,22,'1999-07-01 17:04:20','Et totam commodi ipsum quo consectetur quasi. Excepturi voluptas et libero. Dicta non veniam commodi enim rem. Illo mollitia molestiae enim sunt et aliquid sit nihil.'),(53,27,62,'2013-11-29 18:10:05','Quis repellendus ut rerum. Tenetur et et vero magnam officiis debitis minima.'),(54,6,43,'1982-06-17 00:37:42','Explicabo aperiam praesentium sed. Nihil adipisci et atque. Eveniet autem consequatur sed ab labore similique. Sit omnis libero labore quo.'),(55,47,28,'2002-09-12 06:05:06','Non voluptatem corporis sed nobis et laudantium iure. Repellendus ipsa commodi vitae. Esse exercitationem voluptas accusantium ut.'),(56,18,10,'1992-03-16 06:26:11','Deleniti voluptas rerum molestias suscipit laudantium omnis corporis qui. Quia voluptatem fuga laborum nesciunt autem veritatis autem. Et et ut odit sit. Sapiente eveniet et adipisci quod.'),(57,49,68,'1984-08-28 21:02:43','Deserunt distinctio fugiat laborum aspernatur magni doloribus est. Ipsam numquam et voluptas ratione. Qui animi quas quos.'),(58,90,10,'1977-06-30 00:42:12','Architecto distinctio dolores est deleniti dolores ex incidunt. Sed doloribus autem qui et delectus laborum tempora in. Id quis sunt deleniti rerum voluptates.'),(59,4,45,'1987-10-05 14:14:03','Sint consequatur dolores ex sint eligendi amet a aut. Corrupti nesciunt fugit provident quam. A dignissimos itaque qui et veniam. Labore corrupti velit nesciunt ea.'),(60,48,93,'1986-07-13 03:24:08','Quasi nisi assumenda ipsa facilis. Laborum optio expedita soluta aliquam reprehenderit numquam sequi placeat. Voluptatem quis expedita omnis atque dolores distinctio nemo. Animi perspiciatis omnis rerum ea.'),(61,27,29,'1980-04-08 19:10:26','Dolores mollitia reiciendis labore voluptatem. Commodi hic dolores modi repellat culpa illum. Natus odio explicabo illo harum blanditiis doloribus iste incidunt. Non distinctio similique consequatur ea a consequatur.'),(62,91,66,'1999-09-24 01:32:37','Ea temporibus adipisci quos tempore. Tenetur veniam fuga voluptas iusto sint. Nisi dolor expedita molestiae odio ratione. Ut eum enim ratione quos. Et eaque modi perferendis et ea maxime ipsam quia.'),(63,73,44,'1997-01-16 00:31:41','Dolor assumenda sapiente iure nesciunt. Qui quia qui ratione eligendi praesentium.'),(64,91,19,'2011-05-23 07:21:47','Earum saepe consequatur amet similique minima. Error quisquam sunt temporibus atque totam voluptatum explicabo. Possimus ut voluptas ut exercitationem. Porro non quam incidunt suscipit.'),(65,37,62,'1981-09-30 21:49:59','Sed illum aut molestias ea quo et voluptatibus. Ut ipsa illo itaque.'),(66,13,52,'2013-02-15 21:47:16','Aut saepe in eum. Id maiores quo sit vero quibusdam. Aspernatur unde et corrupti in et rerum aut. Sit ratione quaerat ea ut sed laboriosam et.'),(67,52,75,'1998-09-05 11:30:07','Debitis explicabo occaecati temporibus cumque possimus. Eum dolor veritatis nobis cum rerum quisquam non ex. Et consequatur aut deleniti sed. Sit rerum ut architecto vitae.'),(68,21,19,'1989-10-20 17:22:01','Et quidem iusto et in ut et consectetur rerum. Quam vel qui earum et voluptatem recusandae minima veritatis.'),(69,47,71,'1973-03-08 03:23:41','Qui deleniti sed repellat corporis commodi dolores et. Facilis debitis ex qui dolore neque aut. Aspernatur adipisci id distinctio natus corporis. Amet aspernatur veniam sunt iste quis.'),(70,74,94,'1970-09-13 15:45:49','Perferendis placeat deserunt temporibus nesciunt consequuntur. Consequatur ipsa sit eius ipsa et. Consequuntur repellat amet distinctio et blanditiis. Soluta mollitia quas ut quod et vero enim.'),(71,28,58,'2001-03-20 10:34:18','Dolorem magni eveniet sit dolor commodi deserunt. Illum perspiciatis optio voluptatem perferendis. Soluta id rem magnam non facere voluptatem.'),(72,16,9,'1981-07-06 14:40:43','Ratione veniam excepturi quo ea. Sint quos velit quis est sed animi. Sit odio minus temporibus voluptatum.'),(73,98,68,'1976-03-26 15:50:15','Molestiae consequuntur inventore voluptates veritatis. Totam itaque quibusdam dolorum voluptates. Impedit nihil nobis eius incidunt maiores molestias.'),(74,39,15,'1994-07-30 05:34:23','Quas sunt qui eius voluptas occaecati. Tempore mollitia qui fugit inventore eligendi vitae. Et cupiditate et occaecati dolor soluta dignissimos nihil.'),(75,100,71,'2010-09-20 16:20:41','Quis dolor illo vitae. Rerum eveniet dolorem illo hic rerum provident molestiae. Rem quo dolorem sapiente non maxime delectus repellendus ut.'),(76,84,7,'1994-04-16 20:06:47','Dolorem error voluptates assumenda fuga odit. Itaque inventore et dignissimos molestiae quis deserunt optio exercitationem. Et et suscipit deleniti officiis sed et facere dolore.'),(77,21,21,'1980-04-16 14:42:05','Doloremque voluptas et qui sed error sed quam. Voluptatem asperiores laudantium minus. Temporibus consequatur illum rerum dolores ad provident. Non aut voluptates debitis omnis.'),(78,50,86,'1992-10-22 19:06:18','Optio consequuntur quisquam excepturi omnis laboriosam libero ab. Ut nihil aut enim aliquid tenetur aut asperiores. Dignissimos exercitationem nesciunt voluptatem. Hic dolorem sunt voluptatem mollitia.'),(79,87,66,'1984-07-08 23:36:17','Eaque culpa pariatur repudiandae omnis. Et eos quibusdam et deserunt non totam. Voluptatem ullam consectetur nobis qui ea. Ea vel velit inventore et et.'),(80,85,69,'2015-04-28 04:16:03','Assumenda dolorem fuga molestiae facilis delectus eos fuga laudantium. Voluptas non alias minus est esse excepturi. Provident sit eum ducimus repellat consequatur sunt aut dignissimos. Consequatur minima dicta sequi eaque voluptatem et.'),(81,63,49,'1973-10-28 04:01:58','Excepturi facere id dignissimos vel. Natus commodi est rerum modi nihil sequi. Dolores quasi aut repellendus sed sit ullam.'),(82,59,37,'1995-11-16 05:50:36','Voluptatem consequatur aliquid sint. Expedita ratione ut non deleniti. Quisquam aut enim molestiae ullam animi cupiditate sint. Possimus quas eum consequatur blanditiis odit.'),(83,6,35,'1976-03-17 03:27:02','Error omnis quia adipisci aspernatur veniam. Odit pariatur accusantium enim ut. Dolorem mollitia et debitis rem fuga. Dolores aut assumenda et nihil quidem.'),(84,52,67,'1995-12-07 07:35:54','Illo dolores atque atque quia quasi inventore eveniet. Accusamus vel et laboriosam magni amet. Aliquam eveniet quo voluptatem non porro quia magnam.'),(85,43,27,'1995-04-09 11:59:12','Molestiae et nisi et. Rerum id qui doloremque nam hic error nulla. Fugit repudiandae a inventore eos doloribus et.'),(86,56,35,'1984-03-17 13:14:20','Necessitatibus soluta est minus impedit autem architecto. Dolorem impedit qui beatae quae possimus voluptas.'),(87,53,93,'2018-11-20 00:39:30','Quis eveniet rem debitis sequi doloremque atque. Et magni eligendi ut. Adipisci necessitatibus odio maxime. Exercitationem deserunt non est quidem.'),(88,94,58,'1973-02-06 11:15:33','Dolorem nihil est impedit vel molestias nihil sed. Vel tempora soluta doloribus id illo natus. Aperiam ipsa et aut fugiat.'),(89,11,11,'1978-11-07 12:07:26','Fuga cum earum repudiandae. Reprehenderit dolores aperiam corporis iusto maxime ut et. Placeat voluptatem doloremque in at sit nesciunt ut.'),(90,72,81,'2015-10-04 02:15:24','Illum et accusantium dolor quia. Inventore neque beatae neque ut. Voluptas numquam ratione officia quia a commodi. Vel voluptatum ratione ducimus rerum.'),(91,26,70,'1985-06-04 04:51:31','Et quia mollitia sit pariatur ad excepturi et. Iure delectus accusamus maiores tempora neque asperiores repellat. Eum dolorem illo velit voluptas et nihil expedita. Quisquam minima quasi autem et facere est. Voluptatem voluptate quia eligendi sapiente inventore qui doloribus nobis.'),(92,12,6,'1982-06-23 20:46:21','Saepe ea totam aspernatur nulla non non. Beatae dolorem quo iusto dolorem laborum neque vel maiores. Nemo veniam veritatis tempore maiores. Officia a nesciunt error molestiae rem atque.'),(93,85,22,'1983-01-18 17:06:23','Quaerat asperiores nam voluptas autem dolore accusantium aut. Facilis fugiat dolor molestiae voluptate dolores. Impedit quia deserunt facere harum non consectetur. Fugit in ullam sint nihil omnis.'),(94,87,91,'2007-12-12 21:09:49','Eum molestias in modi autem neque. Quisquam labore id molestias ut nihil. Placeat quisquam alias possimus accusamus quisquam. Fuga ea inventore explicabo commodi ad possimus.'),(95,82,87,'2017-07-03 09:56:44','Distinctio quaerat distinctio eos dolores ut distinctio. Debitis officiis quae nemo et sit et. Temporibus doloribus debitis vitae provident debitis aperiam.'),(96,46,62,'1980-03-14 15:23:45','Explicabo quasi est necessitatibus. Impedit fuga sunt quos sapiente quo optio officiis. Qui culpa dolores totam nesciunt rerum. Qui ab natus expedita error voluptatum.'),(97,82,47,'1996-05-12 22:35:14','Officiis assumenda in voluptas consectetur. Laboriosam qui ipsam repellendus voluptatum ipsum iusto ea.'),(98,75,50,'1981-03-26 15:22:00','Iste quia nesciunt sequi eaque ut debitis esse. Beatae saepe molestiae velit vero sint quia eos voluptas. Qui iure nemo cum nisi voluptatem a eum. Quis explicabo rerum est et.'),(99,27,8,'1970-08-26 04:37:57','Repellendus aperiam consequatur maiores est. Mollitia qui dolor praesentium dolores dolor temporibus minus. Alias ex sint non. Hic nihil ipsum minus quod labore. Facilis voluptatum dolor iure in consequatur aperiam aut.'),(100,8,89,'1975-10-30 00:22:26','Doloremque iste iste qui dignissimos voluptatem enim iure explicabo. Delectus neque nihil mollitia voluptas ullam ut. Harum voluptatem cupiditate id et. Exercitationem provident aperiam eos error.');
/*!40000 ALTER TABLE `messages` ENABLE KEYS */;
UNLOCK TABLES;

--
-- Table structure for table `post_votes`
--

DROP TABLE IF EXISTS `post_votes`;
/*!40101 SET @saved_cs_client     = @@character_set_client */;
/*!50503 SET character_set_client = utf8mb4 */;
CREATE TABLE `post_votes` (
  `user_id` bigint unsigned NOT NULL,
  `post_id` bigint unsigned NOT NULL,
  `vote_type` enum('1','-1') DEFAULT NULL,
  `created_at` datetime DEFAULT CURRENT_TIMESTAMP,
  KEY `post_votes_user_id_fk` (`user_id`),
  KEY `post_votes_post_id_fk` (`post_id`),
  CONSTRAINT `post_votes_post_id_fk` FOREIGN KEY (`post_id`) REFERENCES `posts` (`id`) ON DELETE CASCADE,
  CONSTRAINT `post_votes_user_id_fk` FOREIGN KEY (`user_id`) REFERENCES `users` (`id`)
) ENGINE=InnoDB DEFAULT CHARSET=utf8mb4 COLLATE=utf8mb4_0900_ai_ci;
/*!40101 SET character_set_client = @saved_cs_client */;

--
-- Dumping data for table `post_votes`
--

LOCK TABLES `post_votes` WRITE;
/*!40000 ALTER TABLE `post_votes` DISABLE KEYS */;
INSERT INTO `post_votes` VALUES (49,84,'-1','1975-01-10 20:23:32'),(86,52,'1','2002-05-15 23:23:17'),(83,7,'-1','1970-08-06 13:23:08'),(54,79,'1','2017-01-29 16:16:49'),(21,71,'-1','2003-05-19 19:20:05'),(42,19,'-1','1972-05-18 20:39:20'),(46,81,'1','1976-05-21 08:37:25'),(3,47,'-1','2005-09-01 17:50:37'),(76,94,'1','2014-02-26 16:55:46'),(70,26,'1','1983-01-18 10:20:51'),(21,48,'1','1991-09-24 21:03:07'),(94,60,'-1','1986-10-14 10:59:43'),(7,55,'1','1988-03-05 13:50:22'),(54,96,'-1','1980-03-29 01:48:36'),(49,13,'-1','2019-05-24 05:02:22'),(80,78,'-1','1994-03-20 12:14:07'),(52,49,'-1','1984-11-01 17:55:54'),(22,9,'-1','1986-10-12 02:12:28'),(53,100,'-1','1976-11-26 06:46:52'),(99,73,'-1','2016-06-03 04:34:39'),(35,66,'1','1986-11-26 11:34:20'),(77,7,'1','1992-10-12 18:16:14'),(82,40,'1','2003-02-05 01:28:38'),(75,75,'-1','1992-01-04 00:46:10'),(32,57,'1','1991-12-08 15:19:43'),(31,58,'1','2007-06-24 12:15:35'),(60,18,'1','2013-03-21 09:10:15'),(6,18,'-1','1979-08-05 19:36:31'),(48,35,'-1','2010-07-13 23:03:00'),(22,20,'-1','2018-04-19 20:38:35'),(66,96,'1','1997-03-26 12:55:16'),(61,20,'1','1981-11-27 00:15:03'),(10,11,'1','2000-07-16 09:13:27'),(65,96,'-1','2003-01-21 17:20:49'),(94,45,'1','1975-08-24 13:20:21'),(77,36,'1','2019-07-24 19:12:40'),(2,46,'-1','1986-10-21 06:23:56'),(76,20,'1','1971-01-30 02:25:07'),(77,63,'-1','1974-11-27 04:42:09'),(54,53,'-1','1985-05-04 15:54:45'),(40,75,'1','2005-05-18 12:14:52'),(36,17,'1','1979-01-04 14:44:37'),(59,61,'1','1997-10-20 18:35:01'),(86,51,'-1','2004-07-06 08:33:11'),(53,70,'-1','1988-04-04 11:16:05'),(8,99,'1','2017-01-04 05:32:01'),(79,83,'1','1978-10-13 01:56:30'),(70,17,'-1','2011-11-14 07:44:13'),(11,36,'-1','2003-10-19 14:36:08'),(46,30,'1','1975-08-06 06:30:16'),(98,41,'1','2014-01-03 09:54:31'),(50,12,'1','1999-08-27 09:28:12'),(58,40,'1','2015-04-01 08:56:20'),(36,61,'1','2012-05-28 07:11:30'),(6,84,'-1','2012-02-24 02:25:13'),(24,37,'1','2006-05-12 02:30:31'),(100,34,'1','1993-04-06 23:45:09'),(27,58,'-1','1978-01-25 07:34:10'),(36,89,'-1','1999-04-12 15:10:15'),(96,68,'-1','1998-05-17 11:13:59'),(73,74,'1','2008-12-28 16:54:15'),(76,64,'1','2013-01-30 18:58:44'),(60,97,'1','2008-05-01 08:24:24'),(73,94,'-1','1989-09-03 15:13:12'),(85,78,'-1','2003-05-09 01:15:36'),(6,9,'-1','1971-02-28 06:26:12'),(74,8,'-1','2019-10-08 21:32:43'),(52,14,'-1','2002-03-18 15:48:47'),(36,47,'1','1986-12-23 02:03:20'),(23,90,'1','2015-06-30 05:01:09'),(8,10,'1','2001-02-09 04:54:01'),(69,81,'1','1990-09-18 12:30:18'),(21,72,'-1','1972-01-11 04:23:36'),(99,17,'1','1990-01-12 12:46:37'),(32,70,'1','1978-11-21 08:38:35'),(62,99,'1','1996-06-22 21:26:17'),(14,84,'-1','1998-03-30 06:07:13'),(84,22,'-1','1974-01-01 10:01:28'),(76,57,'1','2009-08-16 10:12:45'),(26,21,'-1','1976-12-26 17:07:45'),(3,30,'-1','2015-06-13 20:25:18'),(39,88,'1','2010-01-25 16:54:41'),(82,50,'1','1976-10-14 10:47:35'),(93,85,'1','2015-06-02 06:11:44'),(20,73,'1','2002-07-21 04:34:05'),(21,11,'-1','1994-03-26 16:44:46'),(43,35,'-1','1975-02-10 01:30:46'),(54,40,'1','2012-12-05 11:27:38'),(38,94,'1','1995-11-30 14:50:44'),(26,51,'1','2002-03-01 08:59:19'),(18,73,'1','1985-03-27 21:40:10'),(12,12,'1','2010-11-23 05:29:14'),(6,41,'-1','2007-07-02 21:18:59'),(94,68,'-1','1997-09-18 05:47:34'),(50,18,'1','2019-03-11 23:40:51'),(68,83,'-1','1975-08-04 05:08:56'),(90,60,'-1','1970-12-17 12:22:58'),(44,51,'1','2015-10-05 05:39:54'),(50,74,'1','1970-05-13 06:27:10'),(18,15,'-1','1992-09-21 17:23:56'),(40,54,'1','1997-03-29 16:08:14'),(44,24,'-1','1998-04-08 20:01:38'),(1,58,'1','1990-08-10 00:39:59'),(74,16,'1','1990-04-20 23:47:17'),(63,6,'1','2014-12-21 05:30:22'),(94,84,'-1','1997-10-06 13:20:40'),(82,98,'1','1982-11-08 00:50:03'),(28,39,'-1','2015-02-18 08:04:15'),(91,100,'-1','1973-10-03 23:00:01'),(73,84,'1','1972-09-07 19:02:04'),(93,20,'-1','2012-12-17 14:27:18'),(42,47,'1','1989-07-04 00:23:48'),(31,75,'1','2012-04-05 23:45:11'),(28,35,'1','2004-09-07 17:38:59'),(49,47,'1','1992-06-20 23:49:28'),(60,31,'1','1989-06-02 20:57:25'),(52,14,'-1','2005-05-27 06:52:36'),(81,77,'1','1987-01-12 22:46:43'),(47,44,'1','1970-12-12 01:18:55'),(92,85,'-1','1975-08-29 20:57:24'),(18,93,'1','2018-10-03 07:12:58'),(14,8,'-1','1974-02-10 08:01:35'),(15,64,'-1','1987-11-04 14:40:41'),(31,93,'1','1985-09-06 13:33:35'),(10,73,'-1','2004-05-22 09:34:33'),(55,87,'-1','2014-02-20 16:06:22'),(47,15,'-1','2003-05-23 19:14:35'),(67,15,'1','2006-10-24 22:07:05'),(94,26,'1','2013-02-03 01:53:56'),(70,88,'1','1983-01-05 00:27:54'),(67,59,'-1','1978-03-01 08:20:25'),(25,32,'-1','2001-01-10 23:48:21'),(22,84,'1','2013-10-01 02:53:45'),(36,22,'-1','2010-08-25 17:47:23'),(14,59,'1','2005-06-11 02:15:52'),(60,29,'1','1982-03-27 07:07:42'),(57,66,'-1','1980-03-08 23:17:29'),(7,44,'1','2000-09-02 13:01:12'),(63,20,'-1','2018-07-13 23:07:39'),(95,68,'-1','1998-05-03 08:15:42'),(83,81,'1','1995-06-26 14:44:38'),(29,98,'-1','1996-02-16 10:54:58'),(96,48,'1','1995-03-09 16:39:01'),(95,44,'-1','2017-01-14 14:14:43'),(83,74,'1','2013-01-27 07:23:21'),(30,41,'1','1997-12-14 04:42:01'),(2,81,'-1','1978-10-21 20:18:24'),(18,84,'-1','2017-05-23 08:05:04'),(84,73,'1','1989-08-30 16:14:58'),(65,15,'1','1976-11-13 23:00:41'),(72,54,'1','1998-03-08 22:54:51'),(63,23,'1','1994-11-28 15:40:00'),(2,54,'-1','1991-04-14 01:51:02'),(17,1,'1','2014-11-08 16:04:01'),(82,44,'-1','2019-01-04 23:29:40'),(56,13,'-1','1993-06-15 14:12:31'),(33,35,'1','1974-06-06 21:49:20'),(98,35,'1','1976-09-22 16:32:08'),(91,70,'-1','1976-04-27 21:18:31'),(58,44,'-1','1981-04-08 03:30:28'),(17,9,'1','1981-03-26 00:06:02'),(11,14,'1','1978-07-06 09:27:17'),(3,44,'-1','2019-08-25 15:22:51'),(81,74,'1','2013-10-05 05:48:11'),(97,40,'-1','2000-12-30 22:41:34'),(43,76,'1','2019-11-07 09:15:52'),(22,58,'-1','1975-06-27 06:35:36'),(80,63,'-1','2012-08-21 13:10:33'),(33,40,'-1','2013-03-21 05:22:57'),(25,11,'-1','2007-02-06 17:40:02'),(25,36,'1','1990-11-18 04:44:59'),(49,45,'-1','1999-01-08 02:35:57'),(70,16,'-1','2000-02-27 05:05:59'),(3,47,'1','1995-08-22 01:05:46'),(3,83,'-1','2007-07-17 07:51:40'),(7,76,'-1','1972-05-09 05:46:10'),(25,30,'1','1982-10-20 01:34:12'),(2,22,'-1','2016-03-01 01:49:26'),(35,19,'-1','1979-12-18 08:40:19'),(69,26,'1','1977-03-19 09:27:22'),(41,76,'-1','2014-12-27 12:58:38'),(95,2,'-1','2018-01-09 04:59:42'),(53,79,'-1','1991-11-05 12:13:18'),(81,88,'1','1986-12-25 00:37:22'),(43,1,'1','1979-01-31 20:32:38'),(74,44,'-1','1974-05-09 17:18:49'),(38,15,'-1','1995-03-10 18:27:55'),(69,42,'-1','1979-02-12 10:57:26'),(29,65,'-1','1997-02-10 11:07:19'),(39,100,'-1','2012-02-10 05:51:09'),(9,3,'-1','1983-04-04 09:42:33'),(26,16,'1','2020-04-13 00:21:00'),(1,71,'1','1978-07-29 17:28:35'),(27,7,'-1','1975-09-08 01:29:13'),(30,22,'1','2018-10-16 15:03:52'),(69,86,'1','1983-08-04 15:29:12'),(55,66,'1','2005-05-22 13:29:38'),(69,72,'-1','1973-02-21 21:34:05'),(80,61,'1','2003-07-13 01:38:37'),(91,89,'-1','2002-07-01 11:14:29'),(15,61,'1','1992-08-15 18:08:49'),(100,38,'-1','1975-07-30 07:30:49'),(54,8,'-1','1984-02-23 16:58:04'),(70,23,'-1','2013-09-27 06:26:16'),(86,92,'1','1998-07-16 11:06:37'),(22,89,'1','1989-04-27 12:37:03'),(49,71,'-1','1978-09-15 21:59:13'),(80,87,'-1','1984-08-17 15:16:19'),(54,20,'1','1983-09-20 18:59:36'),(29,40,'-1','1993-09-25 23:38:25'),(84,40,'1','1983-05-04 14:10:45'),(30,79,'1','1978-07-02 20:43:10'),(99,74,'1','1995-09-28 04:35:00'),(5,34,'-1','2015-09-23 20:50:21'),(28,47,'-1','2014-06-27 21:47:50'),(26,32,'-1','1971-02-12 15:38:13'),(42,21,'-1','1992-11-19 16:13:55'),(32,5,'-1','1973-12-28 16:21:53'),(34,64,'-1','1994-06-10 20:57:31'),(72,2,'-1','2006-01-05 16:46:55'),(57,18,'1','2020-02-03 15:01:51'),(70,85,'1','1995-09-07 06:23:57'),(77,71,'-1','1996-04-30 23:53:36'),(75,97,'1','1988-07-12 05:42:53'),(45,75,'1','1971-12-29 07:41:17'),(98,81,'-1','2019-07-05 10:29:26'),(56,79,'-1','2016-01-05 12:14:16'),(86,54,'-1','1994-08-29 05:22:27'),(61,31,'1','1993-11-07 17:37:28'),(48,92,'-1','1998-04-11 13:01:24'),(56,67,'-1','1980-08-01 18:40:53'),(33,57,'-1','2007-02-10 13:26:02'),(99,84,'-1','2018-01-02 07:10:09'),(93,49,'1','1974-12-30 13:05:22'),(68,93,'-1','1988-12-31 03:33:00'),(59,15,'-1','1988-03-15 08:59:41'),(93,98,'1','1975-05-31 13:34:09'),(85,42,'1','2007-04-03 09:52:31'),(47,18,'1','1973-06-03 22:01:26'),(79,61,'1','1998-03-04 17:48:54'),(54,52,'-1','2011-11-01 02:35:28'),(31,75,'1','1982-07-10 05:54:29'),(92,19,'-1','1998-08-30 23:34:14'),(67,68,'-1','1972-07-03 18:07:08'),(58,83,'-1','1974-08-29 10:27:57'),(91,9,'1','1976-05-19 22:45:17'),(79,99,'1','2004-11-18 18:23:48'),(21,66,'1','2013-10-01 09:57:00'),(67,32,'1','1999-04-12 15:44:58'),(72,61,'-1','1993-08-13 07:09:40'),(59,10,'1','1996-04-11 13:38:55'),(79,64,'1','2011-12-30 02:01:30'),(15,92,'1','1973-09-12 07:23:47'),(39,67,'-1','1976-11-01 10:08:00'),(51,58,'1','1993-07-05 01:33:00'),(37,87,'-1','1980-11-10 01:44:43'),(30,63,'1','1974-12-27 02:59:19'),(39,53,'-1','1995-04-05 03:18:48'),(7,75,'1','1975-11-26 18:50:55'),(15,15,'1','1988-12-04 13:39:06'),(52,51,'1','1987-11-03 03:39:09'),(17,7,'1','1971-06-28 15:14:18'),(30,84,'1','1991-11-12 11:50:15'),(96,98,'1','1979-05-07 01:11:14'),(89,36,'1','1989-05-29 18:28:58'),(58,88,'-1','2004-12-17 17:21:47'),(22,30,'1','1990-08-29 20:03:42'),(33,84,'1','2010-05-07 18:58:51'),(2,32,'-1','2009-10-31 06:21:23'),(10,7,'1','1993-12-30 05:27:00'),(41,37,'1','2009-02-06 02:37:57'),(77,63,'1','1998-09-04 22:22:52'),(62,2,'-1','1991-04-04 10:12:05'),(79,24,'1','1997-05-24 10:39:33'),(6,12,'1','1999-02-27 09:24:16'),(94,87,'1','2019-08-26 02:32:53'),(52,100,'1','2011-02-05 10:34:47'),(75,39,'1','2014-05-08 16:25:21'),(21,93,'-1','1982-09-24 10:22:37'),(79,47,'-1','2014-12-28 02:15:42'),(33,57,'1','2016-11-11 02:14:02'),(26,44,'1','1981-04-29 12:06:42'),(29,49,'-1','2019-09-20 18:26:15'),(67,12,'-1','2009-08-14 06:07:35'),(50,12,'-1','2018-08-20 05:13:17'),(48,25,'1','1986-05-20 15:09:29'),(87,89,'-1','1973-01-25 16:54:15'),(91,69,'1','1971-09-27 22:40:36'),(95,78,'-1','1994-01-26 01:58:09'),(99,82,'-1','2004-01-28 21:07:25'),(10,77,'1','1972-12-29 12:00:31'),(51,36,'1','1978-02-01 21:27:45'),(27,49,'-1','2009-12-04 19:48:44'),(79,36,'1','2013-05-01 16:14:47'),(13,34,'-1','1992-02-01 18:52:57'),(29,62,'1','1976-03-13 07:17:37'),(6,6,'-1','1995-03-10 10:27:08'),(40,44,'-1','1974-08-14 20:15:25'),(84,3,'-1','2003-06-14 00:49:42'),(97,82,'-1','1976-02-04 17:12:36'),(36,2,'-1','1983-07-26 05:10:33'),(86,63,'-1','1979-09-19 17:07:16'),(21,8,'1','2014-10-21 11:20:16'),(48,49,'-1','1979-11-18 23:50:00'),(74,23,'-1','2013-02-18 01:07:17'),(28,67,'-1','1971-02-03 22:57:33'),(17,63,'-1','2014-06-10 19:49:37'),(100,16,'-1','1994-11-01 14:58:52'),(50,88,'-1','2000-03-08 10:21:51'),(49,95,'1','2014-07-25 08:50:03'),(94,8,'-1','2011-10-20 17:45:07'),(22,57,'1','1974-09-12 15:13:32'),(27,59,'1','1984-02-16 16:48:02'),(67,26,'-1','1971-12-20 15:23:58'),(57,50,'1','1981-09-28 18:26:30'),(82,72,'1','1983-06-29 05:30:58'),(39,8,'-1','1997-09-29 22:41:29'),(46,26,'-1','1981-10-19 03:00:10'),(15,5,'-1','2006-07-30 03:18:03'),(38,45,'1','2008-08-18 18:25:43'),(42,12,'1','2017-06-21 21:15:01'),(98,22,'1','1999-11-15 10:10:30'),(61,73,'-1','2012-09-03 21:55:18'),(10,100,'1','1992-08-18 18:21:59'),(69,80,'-1','2002-07-16 16:43:40'),(12,100,'-1','2019-02-18 16:08:11'),(52,59,'1','2006-03-16 18:57:39'),(23,95,'1','2000-12-24 03:05:57'),(59,99,'-1','1977-03-04 19:25:09'),(25,8,'-1','1997-08-13 16:46:30'),(47,43,'1','2000-10-05 17:22:35'),(61,90,'-1','1989-02-06 18:06:11'),(63,20,'1','2004-08-19 20:34:02'),(32,32,'-1','2016-03-08 03:45:55'),(72,97,'1','1987-01-01 17:12:32'),(61,88,'1','2004-02-18 16:05:50'),(87,51,'1','1984-08-02 15:54:01'),(55,91,'-1','1989-09-09 10:46:47'),(11,100,'1','1976-12-01 01:52:12'),(89,25,'-1','2013-11-04 09:06:28'),(13,26,'1','1976-11-20 22:48:37'),(95,53,'-1','1981-09-28 08:24:23'),(38,89,'-1','1992-08-07 12:08:50'),(3,82,'1','1985-10-29 19:03:58'),(100,45,'1','1972-02-05 13:29:26'),(91,80,'-1','2010-01-10 15:03:43'),(57,62,'1','1991-11-24 01:04:24'),(8,69,'1','1979-03-04 00:43:44'),(71,58,'-1','2007-02-21 14:29:04'),(31,84,'1','1998-11-10 08:00:02'),(41,45,'1','2015-05-22 00:24:47'),(9,74,'-1','2019-08-26 09:46:05'),(25,35,'-1','2009-04-18 08:33:44'),(95,52,'1','1992-08-08 15:50:35'),(99,54,'-1','1978-01-08 21:35:45'),(12,14,'-1','1990-07-22 23:32:51'),(62,9,'-1','2013-07-27 23:31:42'),(74,99,'1','2015-09-03 20:56:46'),(84,71,'-1','1995-08-13 17:33:04'),(97,54,'-1','1976-05-15 07:31:31'),(30,60,'1','1994-04-06 18:51:59'),(61,34,'-1','1976-12-22 08:40:16'),(15,91,'-1','2019-11-28 11:19:25'),(92,54,'1','1997-03-31 07:46:10'),(12,97,'1','2014-05-27 01:42:23'),(85,22,'-1','1978-05-13 18:05:27'),(89,19,'1','2000-07-06 00:07:18'),(87,27,'-1','2011-02-05 22:43:01'),(71,77,'-1','1979-01-05 18:33:24'),(91,4,'-1','2016-06-11 22:31:30'),(40,87,'-1','1971-01-14 13:07:00'),(28,24,'-1','1999-10-09 07:31:44'),(22,59,'1','1970-04-03 15:15:16'),(22,20,'1','1979-11-04 13:12:48'),(44,25,'-1','1977-06-26 01:50:10'),(55,63,'-1','2011-11-11 13:24:03'),(43,41,'1','1974-06-13 17:53:36'),(48,13,'1','2015-04-25 19:58:52'),(9,44,'-1','1997-01-31 18:23:49'),(4,81,'1','1988-01-13 18:57:28'),(90,73,'-1','2010-02-15 07:05:15'),(40,23,'-1','1974-10-14 06:32:33'),(28,92,'-1','1975-04-13 16:58:48'),(18,91,'-1','1977-01-10 11:01:34'),(8,79,'1','1998-02-12 14:54:10'),(83,23,'-1','1971-10-18 16:48:15'),(91,78,'1','1991-03-06 13:38:32'),(5,20,'-1','1994-11-18 15:37:46'),(52,67,'-1','1976-01-29 14:09:16'),(46,73,'1','1975-05-31 08:04:44'),(74,64,'1','2010-02-11 09:16:04'),(30,100,'-1','2017-01-21 05:05:06'),(30,7,'-1','1977-01-14 11:05:50'),(57,37,'1','2000-03-22 11:41:50'),(97,61,'-1','2012-03-26 13:58:54'),(13,93,'-1','2003-04-07 02:13:46'),(72,83,'-1','1973-10-09 02:07:49'),(19,33,'1','1985-12-29 20:29:00'),(82,18,'1','2017-04-25 21:18:13'),(50,89,'-1','2012-01-20 17:37:35'),(5,93,'-1','2011-06-16 13:27:28'),(76,95,'1','1998-11-12 20:58:19'),(62,95,'-1','1980-12-26 04:54:12'),(81,91,'1','2017-07-31 16:13:34'),(21,71,'1','1999-09-30 21:06:10'),(62,81,'1','1992-04-25 17:16:57'),(47,89,'1','2006-12-04 03:01:47'),(48,2,'-1','1995-03-04 18:56:17'),(97,43,'-1','2009-04-23 15:48:23'),(40,10,'1','1972-12-05 06:04:16'),(11,18,'1','2008-12-20 06:04:15'),(34,58,'-1','2018-04-10 09:53:25'),(37,39,'-1','1989-11-23 10:27:11'),(84,21,'-1','1986-12-22 01:16:57'),(6,85,'-1','1982-01-03 10:47:39'),(79,61,'1','2011-04-05 00:06:20'),(76,52,'1','2017-03-03 16:48:12'),(43,75,'1','2019-11-06 07:38:09'),(85,17,'-1','1999-03-25 05:15:51'),(95,62,'-1','2005-09-06 20:42:39'),(21,58,'-1','2013-06-15 01:05:07'),(21,2,'-1','1975-03-16 21:26:58'),(38,37,'-1','1996-12-20 16:14:17'),(29,77,'1','2007-09-26 03:31:52'),(30,73,'-1','1979-02-06 23:39:21'),(63,35,'1','1975-03-21 08:40:29'),(25,56,'-1','1976-10-12 00:01:42'),(35,74,'1','1992-03-17 00:26:37'),(98,3,'1','1973-04-16 01:12:57'),(86,92,'1','1979-07-23 13:42:01'),(36,51,'1','1977-09-18 16:47:17'),(20,80,'1','1973-11-10 03:29:11'),(93,45,'1','1971-08-17 03:57:24'),(2,84,'1','1986-06-26 05:37:00'),(32,85,'1','1980-06-26 00:55:25'),(52,74,'1','1982-10-04 12:02:31'),(65,15,'1','2013-12-23 03:24:30'),(67,51,'-1','1994-03-21 07:20:08'),(41,9,'-1','2012-12-18 00:37:27'),(2,92,'1','2013-07-05 00:22:25'),(87,33,'1','2001-12-09 15:56:45'),(27,90,'-1','2010-08-17 20:55:40'),(73,48,'-1','2003-12-01 15:51:25'),(83,69,'-1','1983-06-25 04:15:42'),(96,99,'-1','1979-06-17 06:25:43'),(31,91,'-1','1972-08-21 17:00:51'),(68,56,'1','2017-09-20 13:26:15'),(44,7,'-1','1978-04-10 02:47:06'),(15,68,'-1','1976-11-05 06:28:52'),(44,19,'1','1994-11-20 18:31:33'),(72,89,'-1','1971-11-27 21:03:11'),(30,86,'1','1983-06-19 02:46:01'),(35,62,'1','1970-06-27 19:17:23'),(82,54,'-1','1981-12-03 05:35:01'),(5,82,'-1','2004-09-02 18:13:51'),(81,46,'-1','2002-03-30 14:18:45'),(86,85,'-1','1992-07-08 04:22:12'),(87,84,'1','1987-08-13 04:19:39'),(79,67,'-1','1995-01-14 07:21:05'),(32,84,'-1','1978-07-30 07:40:28'),(22,16,'1','2014-03-25 07:40:23'),(16,27,'-1','1979-09-08 17:10:00'),(10,88,'1','1988-01-24 23:46:29'),(3,59,'-1','2015-08-31 05:07:28'),(84,28,'-1','2011-06-08 00:34:27'),(12,65,'1','2008-07-07 13:43:36'),(5,39,'-1','1994-02-19 01:25:54'),(92,1,'1','2005-12-02 00:39:09'),(42,87,'1','2004-01-31 22:30:53'),(33,32,'-1','1986-01-11 23:34:08'),(41,97,'1','1997-05-23 05:58:47'),(3,88,'-1','1974-11-05 02:36:14'),(94,49,'-1','2012-02-07 17:09:25'),(59,80,'1','1999-09-17 13:23:52'),(12,53,'-1','1981-04-15 23:07:51'),(83,27,'-1','1992-08-17 20:36:25'),(77,72,'1','1993-04-23 23:06:19'),(38,79,'1','2005-07-22 01:23:32'),(58,80,'1','1972-06-13 08:20:22'),(74,60,'1','2006-06-10 06:39:46'),(96,62,'-1','1994-07-01 07:21:43'),(58,29,'-1','1987-02-12 20:32:09'),(100,58,'1','2012-05-10 15:24:15'),(24,3,'1','1987-08-20 14:19:18'),(22,40,'-1','1997-10-01 09:40:15'),(38,91,'1','2011-05-19 04:00:51'),(24,36,'1','1983-05-28 09:54:09'),(5,5,'1','1971-08-16 03:07:02'),(53,17,'1','1984-02-13 18:24:01'),(47,71,'1','1975-01-05 21:56:20'),(78,2,'1','2010-02-24 12:53:06'),(46,99,'-1','2001-12-28 13:35:50'),(96,86,'1','2000-03-17 01:50:46'),(41,32,'-1','2001-06-20 12:35:16'),(16,4,'-1','2009-04-06 17:04:03'),(57,23,'1','1977-08-29 13:26:48'),(35,3,'1','1999-08-29 07:15:52'),(5,44,'1','1980-12-18 23:04:51'),(21,12,'1','1982-12-31 11:36:02'),(90,27,'1','2009-12-13 21:00:21');
/*!40000 ALTER TABLE `post_votes` ENABLE KEYS */;
UNLOCK TABLES;

--
-- Table structure for table `posts`
--

DROP TABLE IF EXISTS `posts`;
/*!40101 SET @saved_cs_client     = @@character_set_client */;
/*!50503 SET character_set_client = utf8mb4 */;
CREATE TABLE `posts` (
  `id` bigint unsigned NOT NULL AUTO_INCREMENT,
  `user_id` bigint unsigned NOT NULL,
  `subreddit_id` bigint unsigned NOT NULL,
  `head` varchar(200) NOT NULL,
  `body` varchar(2000) DEFAULT NULL,
  `link` varchar(300) DEFAULT NULL,
  `media_id` bigint unsigned DEFAULT NULL,
  `is_archived` tinyint(1) DEFAULT '0',
  `created_at` datetime DEFAULT CURRENT_TIMESTAMP,
  `updated_at` datetime DEFAULT CURRENT_TIMESTAMP ON UPDATE CURRENT_TIMESTAMP,
  PRIMARY KEY (`id`),
  UNIQUE KEY `id` (`id`),
  KEY `posts_user_id_fk` (`user_id`),
  KEY `posts_subreddit_id_fk` (`subreddit_id`),
  KEY `posts_media_id_fk` (`media_id`),
  CONSTRAINT `posts_media_id_fk` FOREIGN KEY (`media_id`) REFERENCES `media` (`id`) ON DELETE SET NULL,
  CONSTRAINT `posts_subreddit_id_fk` FOREIGN KEY (`subreddit_id`) REFERENCES `subreddits` (`id`) ON DELETE CASCADE,
  CONSTRAINT `posts_user_id_fk` FOREIGN KEY (`user_id`) REFERENCES `users` (`id`)
) ENGINE=InnoDB AUTO_INCREMENT=101 DEFAULT CHARSET=utf8mb4 COLLATE=utf8mb4_0900_ai_ci;
/*!40101 SET character_set_client = @saved_cs_client */;

--
-- Dumping data for table `posts`
--

LOCK TABLES `posts` WRITE;
/*!40000 ALTER TABLE `posts` DISABLE KEYS */;
INSERT INTO `posts` VALUES (1,5,18,'Nesciunt debitis mollitia facilis porro officia quis sint.','Est sapiente inventore eum minus officia rem et. Quae non consequatur non quasi animi aliquam velit. Dolores facilis quo doloribus aut omnis natus. Numquam mollitia culpa sint.','',NULL,1,'1996-03-15 18:34:47','2020-12-23 23:51:46'),(2,27,3,'Fuga magnam accusantium sapiente.','Nam autem necessitatibus dolor et accusamus facere. Eos qui soluta nobis quasi at aut. Et dolores porro ratione sit quo. Omnis pariatur aperiam illum.','',NULL,0,'2016-03-28 04:54:19','2020-12-23 23:51:46'),(3,21,19,'Eum autem aut perferendis dolorum quisquam aliquam.','Dolor non voluptatibus et blanditiis quis quibusdam. Voluptate itaque non saepe aliquam. Consequuntur est et deserunt et aliquid et sed. Architecto ratione nihil eum atque aperiam dolores fugiat.','',NULL,1,'2013-10-05 09:09:03','2020-12-23 23:51:46'),(4,25,8,'Dolor sed eligendi qui pariatur dolores.','Nihil ut et omnis quasi iure est. Distinctio beatae placeat dolorum accusamus. Doloribus rerum doloremque et in voluptas labore.','',NULL,1,'1980-04-13 16:31:11','2020-12-23 23:51:46'),(5,62,2,'Qui quas corrupti non ipsum.','Tempora sequi iste voluptatem nihil quo. Nihil quo quos eaque voluptas quidem quae accusantium.','',NULL,1,'2004-12-18 13:43:21','2020-12-23 23:51:46'),(6,34,3,'Sed non impedit repellat aperiam iste similique deserunt.','','http://www.emmerich.com/',NULL,1,'1973-09-21 16:47:14','2020-12-23 23:51:46'),(7,85,10,'Labore ea molestiae minima aliquam maiores voluptatum recusandae.','Illum officia dolorum mollitia eligendi ab temporibus aut. Velit accusantium nostrum corrupti cumque inventore. Voluptatem architecto modi at quia suscipit.','',NULL,0,'2012-12-12 01:36:27','2020-12-23 23:51:46'),(8,21,20,'Amet laborum sit omnis.','Atque necessitatibus non iure voluptates ducimus sit enim. Labore quisquam alias dolores ut. Omnis placeat maxime consequatur consequuntur eveniet ipsa. Assumenda omnis iure tenetur vitae porro.','',NULL,1,'1992-02-21 06:52:16','2020-12-23 23:51:46'),(9,48,11,'Ducimus pariatur voluptatibus voluptas amet quisquam.','Debitis adipisci voluptatem cupiditate voluptas officiis. Debitis perspiciatis voluptatem temporibus molestiae. Eius ut expedita laborum provident. Odio quas cum qui dolores explicabo. Corrupti fuga sunt consequatur est non.','',NULL,1,'2018-08-11 00:40:24','2020-12-23 23:51:46'),(10,76,13,'Nisi qui et provident sed porro.','','',35,1,'2009-08-04 17:50:49','2020-12-23 23:51:46'),(11,35,14,'Consectetur saepe enim suscipit labore impedit alias.','','',11,0,'1978-07-02 09:30:10','2020-12-23 23:51:46'),(12,49,9,'Ipsa dolorem inventore id magni sit non soluta neque.','','',46,1,'2007-04-24 00:38:34','2020-12-23 23:51:46'),(13,37,1,'Aspernatur ut aut voluptatem quo.','Repudiandae debitis optio saepe quasi debitis a. Dolor eveniet hic in quos corrupti. Nostrum ut temporibus aspernatur numquam fuga pariatur adipisci.','',NULL,1,'1977-06-17 00:21:42','2020-12-23 23:51:46'),(14,38,20,'Architecto eos porro quis quidem perferendis optio.','','',60,0,'1993-08-18 20:04:52','2020-12-23 23:51:46'),(15,79,18,'Id ut delectus ad minima.','','',98,0,'1981-03-15 00:14:08','2020-12-23 23:51:46'),(16,82,6,'Ipsum sit velit aut excepturi ipsum omnis et.','','',13,0,'1981-08-22 20:36:54','2020-12-23 23:51:46'),(17,71,16,'Aperiam debitis dolores et dolore molestias rerum.','','http://www.rodriguez.net/',NULL,0,'1973-04-14 17:36:24','2020-12-23 23:51:46'),(18,10,4,'Quisquam dolore non blanditiis sed quisquam qui perferendis.','','',100,0,'2000-07-24 03:38:58','2020-12-23 23:51:46'),(19,34,8,'Similique in modi ut officia maiores quaerat.','Accusantium culpa maxime voluptas corrupti laborum aut. Delectus aut recusandae reiciendis porro qui eveniet. Ipsa hic veritatis et eveniet in est.','',NULL,0,'2010-10-04 05:45:09','2020-12-23 23:51:46'),(20,41,11,'Occaecati et occaecati provident facere iusto ipsam.','Culpa id quis voluptatem eum incidunt. Delectus occaecati eveniet ipsa est. Qui consequatur itaque suscipit excepturi aperiam aperiam vel.','',NULL,0,'2008-07-25 21:48:56','2020-12-23 23:51:46'),(21,1,9,'Et soluta pariatur sint odio et delectus.','','http://mante.com/',NULL,0,'1996-08-18 03:22:04','2020-12-23 23:51:46'),(22,81,13,'Quia quia voluptatem vitae ullam earum.','','http://www.greenfelder.com/',NULL,1,'1985-12-16 07:49:45','2020-12-23 23:51:46'),(23,2,17,'Deserunt molestias vero harum vitae non qui totam.','Quis iure delectus veritatis laboriosam quaerat sit. Aut ducimus dolor eos aut aut. Autem cum ut nostrum voluptatem. Labore possimus soluta quo dolorem.','',NULL,1,'2006-06-22 01:30:38','2020-12-23 23:51:46'),(24,69,5,'Laboriosam culpa beatae perspiciatis eligendi iure.','','http://friesenlind.com/',NULL,0,'2009-05-28 13:18:07','2020-12-23 23:51:46'),(25,36,13,'Voluptate voluptates doloribus commodi.','Harum quis esse assumenda consequuntur. Cum ut voluptatem quod sed et eius vitae perspiciatis. Veritatis fuga cumque maiores omnis ut.','',NULL,1,'1977-09-29 02:35:44','2020-12-23 23:51:46'),(26,73,8,'A pariatur ut molestiae incidunt atque.','','http://padberg.net/',NULL,1,'1970-05-12 15:54:27','2020-12-23 23:51:46'),(27,55,2,'Enim et aut hic vitae quae est ut.','','http://www.barton.com/',NULL,1,'1998-03-20 15:16:58','2020-12-23 23:51:46'),(28,56,5,'Tempore est odit quibusdam fuga voluptatum dolorem.','Minima laborum fugit est. Veniam aut iste laboriosam beatae. Natus porro voluptas reiciendis itaque sunt eum adipisci sunt. Deleniti maiores autem ipsa mollitia quo eos soluta at.','',NULL,1,'1985-01-30 23:11:47','2020-12-23 23:51:46'),(29,15,18,'Saepe sunt ex cupiditate exercitationem est eum consequatur.','','http://www.swift.biz/',NULL,1,'2019-11-22 14:26:05','2020-12-23 23:51:46'),(30,6,16,'Ut dignissimos earum natus itaque est.','','',30,0,'2000-06-30 23:13:41','2020-12-23 23:51:46'),(31,86,5,'Ea expedita et voluptatem libero praesentium ipsam sunt.','','http://yosthalvorson.com/',NULL,1,'2018-12-17 18:01:13','2020-12-23 23:51:46'),(32,10,17,'Quo sit minus exercitationem molestiae voluptatem magni placeat.','Omnis beatae itaque quibusdam modi asperiores qui quod. Doloremque eligendi nesciunt architecto necessitatibus. Cum amet sint ut impedit minus ullam eius. Et voluptatum qui nisi qui.','',NULL,1,'1996-03-02 05:40:56','2020-12-23 23:51:46'),(33,93,8,'Porro asperiores quaerat amet repellendus et perferendis nihil aut.','','http://www.damore.com/',NULL,0,'2000-09-27 10:41:01','2020-12-23 23:51:46'),(34,34,8,'Qui nihil velit est labore.','Id aut iusto aut aut. Ratione assumenda deserunt consequatur maiores. Sit aliquid quia sunt tempore est totam in exercitationem. Doloribus sit sint occaecati unde.','',NULL,1,'1971-03-07 15:22:36','2020-12-23 23:51:46'),(35,91,16,'Dolor impedit quas aut dolores ab sed.','Dolores perspiciatis et non est et vitae. Assumenda voluptate voluptate voluptates dolor. Officiis sint assumenda eos sit dolorem. Quas deserunt consequatur repellat quis.','',NULL,0,'2020-09-25 22:19:49','2020-12-23 23:51:46'),(36,53,18,'Rerum dicta est voluptas sit.','','',72,1,'2006-01-28 06:49:28','2020-12-23 23:51:46'),(37,92,19,'Qui facilis eaque aut ut.','Dolores rerum tenetur omnis qui provident. Consequatur saepe nostrum saepe vel deleniti maxime ducimus mollitia.','',NULL,1,'2002-08-28 17:20:36','2020-12-23 23:51:46'),(38,100,2,'Delectus et mollitia doloribus quaerat ut voluptatem explicabo.','Consequatur eius voluptatem rerum modi. Qui explicabo molestiae dolores incidunt impedit vel voluptates minima. Voluptas id enim odio temporibus eum.','',NULL,0,'1977-10-25 03:35:13','2020-12-23 23:51:46'),(39,25,13,'Consequatur rem maiores et quia expedita tempora.','Dolor voluptas assumenda natus voluptatibus quia provident illo. Ea id consequuntur incidunt aperiam eos porro ex. Necessitatibus quibusdam magni officiis eius sunt. In ea architecto magni sapiente cumque. Odit aut cupiditate qui accusantium est.','',NULL,1,'1985-11-24 13:54:31','2020-12-23 23:51:46'),(40,25,18,'Quis eligendi sed hic eos est ut.','','',57,1,'2015-12-01 14:58:22','2020-12-23 23:51:46'),(41,48,9,'Quasi voluptate autem veniam reiciendis.','','',71,0,'1993-04-03 21:21:25','2020-12-23 23:51:46'),(42,66,11,'Quo accusamus quis consequatur ad sit.','','',83,0,'2018-07-07 12:01:42','2020-12-23 23:51:46'),(43,86,9,'Maxime nihil laborum et quo iure rem.','','http://oharaoberbrunner.com/',NULL,0,'2016-06-16 01:03:10','2020-12-23 23:51:46'),(44,30,11,'Quasi reprehenderit rerum dolorum aut.','','http://www.prosacco.com/',NULL,1,'1974-06-13 06:24:43','2020-12-23 23:51:46'),(45,91,7,'Eius qui ea voluptatem expedita.','Minima aut labore aut dolor. Rerum eum dolores doloribus et.','',NULL,0,'2011-10-24 02:55:48','2020-12-23 23:51:46'),(46,64,3,'Rem nesciunt beatae dicta nemo.','Minima eius numquam sunt consequatur sed. Quo velit distinctio deleniti eos eos facilis. Est odit aliquid aperiam doloribus animi.','',NULL,1,'1991-07-09 14:00:00','2020-12-23 23:51:46'),(47,48,13,'Optio nesciunt esse ut reiciendis deleniti.','','http://www.ortiz.com/',NULL,0,'2008-11-16 18:32:40','2020-12-23 23:51:46'),(48,48,16,'Explicabo doloremque quo velit laboriosam.','','',3,1,'1989-07-07 00:03:54','2020-12-23 23:51:46'),(49,97,18,'Ea velit laboriosam atque quo.','','http://www.wehnerparker.com/',NULL,1,'2006-05-26 06:23:25','2020-12-23 23:51:46'),(50,37,5,'Ad maiores sit quia voluptas sint quis.','Doloribus illo molestiae nemo pariatur expedita perspiciatis animi. Natus ea dolorum voluptatibus inventore ut quia cupiditate. Officiis sapiente nihil recusandae.','',NULL,0,'2020-05-06 18:24:47','2020-12-23 23:51:46'),(51,95,8,'Sed iusto similique fuga omnis ut sit rerum libero.','','',58,0,'2012-03-16 16:28:19','2020-12-23 23:51:46'),(52,63,4,'Et voluptas nobis occaecati cupiditate tempore delectus dolorem consequatur.','Unde quia magni minima minus a veniam ut. Qui cum vel enim eveniet assumenda aut cupiditate. Possimus numquam inventore unde sapiente alias repellendus. Tenetur voluptas voluptatem et.','',NULL,0,'2019-04-14 19:26:36','2020-12-23 23:51:46'),(53,30,15,'Aut quia reiciendis beatae aut.','','http://von.com/',NULL,0,'2016-11-24 00:18:15','2020-12-23 23:51:46'),(54,59,3,'Et officia voluptatem et vel dolore quos fugit debitis.','Sunt minima est eum voluptate sunt. Ratione est temporibus rerum in dolores. Debitis est dolorem eaque adipisci.','',NULL,0,'1975-04-13 11:28:19','2020-12-23 23:51:46'),(55,5,10,'Facere qui corporis id ab alias.','','',87,1,'2015-08-21 18:59:19','2020-12-23 23:51:46'),(56,46,19,'A nulla velit distinctio veniam.','','',41,0,'2008-09-02 19:08:25','2020-12-23 23:51:46'),(57,15,5,'Fugit optio quos culpa sed qui.','','http://www.shields.info/',NULL,1,'2017-07-12 06:27:17','2020-12-23 23:51:46'),(58,35,7,'Voluptatem numquam ut est ipsa quod sunt omnis.','Consequatur consequuntur dolorem enim perferendis facilis rerum. Voluptas perspiciatis quia dolore maiores. Dolores deserunt sunt impedit recusandae. Iusto ipsum quos repellat aut maxime laboriosam non ut.','',NULL,1,'1980-11-16 08:42:38','2020-12-23 23:51:46'),(59,30,18,'Rerum rerum doloribus corrupti quod.','','',90,0,'1976-06-13 07:50:06','2020-12-23 23:51:46'),(60,47,11,'Laudantium nisi repudiandae labore.','','http://www.mckenzie.com/',NULL,1,'1986-01-28 08:22:06','2020-12-23 23:51:46'),(61,44,18,'Nihil rerum expedita amet nesciunt autem.','','http://www.haley.com/',NULL,0,'2003-09-25 21:04:54','2020-12-23 23:51:46'),(62,79,18,'Nihil ea est accusamus voluptatem ratione neque molestiae.','Deleniti sit et eaque sint repudiandae a sed. Ad tempora cum qui dolor nulla. Qui dolorem laborum repellendus et praesentium et.','',NULL,0,'1983-09-28 21:08:21','2020-12-23 23:51:46'),(63,64,15,'Explicabo optio nostrum sit aliquid adipisci suscipit.','Et repudiandae aperiam temporibus. Voluptatem corrupti sunt suscipit autem facilis maxime hic. Facere distinctio fugiat recusandae sit consequatur tenetur fugit. Deleniti qui excepturi velit quaerat laboriosam et eaque quo.','',NULL,0,'2018-02-02 07:50:26','2020-12-23 23:51:46'),(64,80,19,'Amet esse sapiente omnis.','Deserunt distinctio ipsam autem in. Eaque consequatur odit a cumque. Odit tempore veniam rerum consequatur quia. Aliquam eaque qui voluptas fugiat omnis. Molestias dolorum corporis molestias ut.','',NULL,0,'1984-12-04 01:54:45','2020-12-23 23:51:46'),(65,6,12,'Sit minus sit cumque fugiat adipisci dignissimos ad optio.','','http://www.heathcote.info/',NULL,0,'1983-08-16 19:02:58','2020-12-23 23:51:46'),(66,92,20,'Sint esse ipsam vel modi.','','http://kreiger.info/',NULL,1,'1981-07-27 14:59:35','2020-12-23 23:51:46'),(67,41,5,'Molestiae quidem consectetur illo eligendi rerum dolorem error.','Non quia dignissimos debitis. Maxime facilis dolorem sit reiciendis deleniti voluptatibus esse. Autem in sed alias nihil placeat voluptatem maxime. Aut voluptate deleniti aliquam ea saepe.','',NULL,1,'2001-02-28 14:03:39','2020-12-23 23:51:46'),(68,29,5,'Ea impedit et aliquam numquam quae et explicabo.','','http://runolfsson.com/',NULL,0,'1984-06-22 13:20:14','2020-12-23 23:51:46'),(69,23,9,'Alias dolor numquam consequuntur eligendi assumenda sint.','Ut facilis molestiae minus veniam tempora et. Cum enim eius vero velit et sunt. Distinctio temporibus quia occaecati deleniti atque. Aut magni quibusdam quis dolorum saepe iste odio.','',NULL,0,'2009-06-01 14:34:22','2020-12-23 23:49:35'),(70,26,8,'Et dicta voluptatum culpa iure ut vel aspernatur laudantium.','','http://turner.net/',NULL,0,'1999-12-04 15:51:26','2020-12-23 23:51:46'),(71,61,15,'Odio molestiae ut provident illo.','','http://www.damore.info/',NULL,1,'2017-05-07 16:40:30','2020-12-23 23:51:46'),(72,25,9,'Laboriosam est nam possimus cupiditate.','','http://www.stanton.com/',NULL,0,'2010-01-23 08:04:30','2020-12-23 23:51:46'),(73,43,18,'Et labore illo omnis assumenda eos enim.','','',79,1,'1996-08-13 08:45:12','2020-12-23 23:51:46'),(74,38,3,'Inventore voluptatem non quis illum et impedit ad.','Dicta velit voluptas nobis error vel delectus. Sint libero quod omnis a et aspernatur. Et aut est aperiam.','',NULL,0,'1980-01-04 22:04:16','2020-12-23 23:51:46'),(75,62,2,'Sed dolor adipisci qui ratione recusandae.','Magni sed ab eum libero pariatur facilis quae. Quisquam provident natus numquam eos eligendi possimus tempore blanditiis.','',NULL,1,'1970-10-13 20:58:14','2020-12-23 23:51:46'),(76,94,1,'Sed perspiciatis ut quibusdam dicta.','','http://raynorschinner.info/',NULL,0,'2009-07-08 17:30:18','2020-12-23 23:51:46'),(77,85,19,'Et nam earum autem et id necessitatibus non.','Beatae totam magni sed voluptas a possimus. Similique fugiat voluptate tempore quas ab neque. Quia dolore voluptatum provident veniam.','',NULL,1,'2014-09-06 20:51:05','2020-12-23 23:51:46'),(78,44,11,'Laborum atque quia rerum eligendi nulla sequi.','Exercitationem architecto in velit. Eligendi consectetur minus quasi quo. Occaecati quam ut facere culpa blanditiis consequatur aut. Est eaque odio facere aut dolorem quae.','',NULL,0,'2005-01-30 16:42:30','2020-12-23 23:51:46'),(79,61,19,'Molestias voluptatibus sint ducimus eaque.','','http://www.rueckerabernathy.net/',NULL,1,'2009-06-20 09:53:43','2020-12-23 23:49:35'),(80,76,19,'Ut a facere et ipsum at.','Necessitatibus dolore ut repellendus quis occaecati debitis. Ut earum aut vel ullam. Accusantium fuga fugit non molestiae porro illo eum. Accusantium aut quaerat omnis possimus sed ea.','',NULL,0,'2015-02-03 18:20:53','2020-12-23 23:51:46'),(81,95,18,'Nihil natus rem expedita architecto.','','http://www.beerthompson.biz/',NULL,1,'1975-03-12 03:08:16','2020-12-23 23:51:46'),(82,47,12,'Eaque reprehenderit illo odio et est aut fuga et.','','http://mcdermott.com/',NULL,1,'1974-11-14 09:52:42','2020-12-23 23:51:46'),(83,51,5,'Laborum accusantium sint voluptas dolore.','Itaque suscipit voluptatum ut temporibus explicabo perspiciatis. Quis explicabo cum eum molestiae cumque repellat aut. Recusandae voluptatem atque dolor rerum.','',NULL,1,'1982-10-11 06:29:33','2020-12-23 23:51:46'),(84,13,9,'Expedita deleniti amet est perspiciatis qui.','','',99,0,'2014-04-19 01:11:30','2020-12-23 23:51:46'),(85,12,11,'Expedita quas minima corrupti quia quis.','','http://www.medhurst.com/',NULL,1,'2007-07-15 05:38:48','2020-12-23 23:51:46'),(86,21,6,'Nisi facilis libero vel nemo voluptates qui possimus.','Nobis nostrum unde consequatur quaerat totam omnis. Doloribus mollitia debitis impedit id. Molestiae iure repellat iure quidem. Aut ut quidem fuga nesciunt adipisci deserunt.','',NULL,0,'2006-10-15 17:41:57','2020-12-23 23:49:35'),(87,70,15,'Ex sit quo fugit quia nulla qui.','','',89,1,'1972-10-30 17:09:29','2020-12-23 23:51:46'),(88,83,19,'Illo eos autem qui dolores natus dolores nemo sed.','','http://www.vonhirthe.com/',NULL,0,'2019-10-16 03:31:12','2020-12-23 23:51:46'),(89,6,8,'Eius qui quo ab sit ut.','Dignissimos quia nemo vitae dignissimos autem eum. Porro voluptatem eius quia tempore qui. Dolorem rerum vitae asperiores est. Sit aut quae nisi placeat id velit porro qui. Architecto qui iure ad et suscipit nesciunt.','',NULL,0,'2004-09-21 19:43:42','2020-12-23 23:51:46'),(90,80,3,'Deleniti illum dolore magnam minima ullam.','','http://www.treutelwilliamson.com/',NULL,0,'2014-11-30 00:18:14','2020-12-23 23:51:46'),(91,83,11,'Est et similique id voluptates.','','',34,1,'2001-05-06 06:25:30','2020-12-23 23:49:35'),(92,74,4,'Asperiores natus iure quidem animi ducimus at.','','',52,0,'1975-09-03 03:21:04','2020-12-23 23:51:46'),(93,21,6,'Et eaque officia magni nulla.','Blanditiis et accusantium aliquam eum et. Sequi porro ipsum in. Non et aliquam cupiditate rerum mollitia rerum quidem. Modi explicabo nostrum dolorum odit laudantium perferendis.','',NULL,0,'1979-12-21 23:50:09','2020-12-23 23:51:46'),(94,82,18,'Pariatur ipsum placeat commodi quo.','Vel incidunt provident ut est illo nesciunt sed ab. Sit quas fugit tempore unde quae rerum. Quis assumenda quibusdam consequuntur excepturi eos ullam itaque ad.','',NULL,1,'1985-01-25 20:02:04','2020-12-23 23:51:46'),(95,47,12,'Quod provident nihil occaecati soluta.','','',97,0,'1983-03-14 14:49:26','2020-12-23 23:51:46'),(96,89,5,'Sit nisi vero veniam et adipisci dignissimos.','Voluptatum error tenetur autem praesentium et. Beatae nam consequuntur culpa quia eligendi nobis quia.','',NULL,0,'1988-04-05 01:12:09','2020-12-23 23:51:46'),(97,4,7,'Ab quisquam facilis sapiente soluta.','','',24,0,'1982-11-06 03:03:52','2020-12-23 23:51:46'),(98,54,1,'Ad et voluptatem illo quia possimus id.','Velit magni corporis eaque. Quia saepe consequuntur aliquid voluptates adipisci consequuntur. Aut illo optio illo porro sunt. Nobis itaque possimus et in.','',NULL,1,'1979-10-20 04:11:58','2020-12-23 23:51:46'),(99,54,4,'Illo tempore fugiat quia similique veniam temporibus quia.','','http://adams.com/',NULL,1,'2012-05-06 06:47:55','2020-12-23 23:51:46'),(100,11,17,'Beatae vitae et expedita.','','http://www.parkerrath.com/',NULL,1,'1971-07-13 13:31:24','2020-12-23 23:51:46');
/*!40000 ALTER TABLE `posts` ENABLE KEYS */;
UNLOCK TABLES;
/*!50003 SET @saved_cs_client      = @@character_set_client */ ;
/*!50003 SET @saved_cs_results     = @@character_set_results */ ;
/*!50003 SET @saved_col_connection = @@collation_connection */ ;
/*!50003 SET character_set_client  = utf8mb4 */ ;
/*!50003 SET character_set_results = utf8mb4 */ ;
/*!50003 SET collation_connection  = utf8mb4_0900_ai_ci */ ;
/*!50003 SET @saved_sql_mode       = @@sql_mode */ ;
/*!50003 SET sql_mode              = 'ONLY_FULL_GROUP_BY,STRICT_TRANS_TABLES,NO_ZERO_IN_DATE,NO_ZERO_DATE,ERROR_FOR_DIVISION_BY_ZERO,NO_ENGINE_SUBSTITUTION' */ ;
DELIMITER ;;
/*!50003 CREATE*/ /*!50017 DEFINER=`root`@`localhost`*/ /*!50003 TRIGGER `validate_post_content_insert` BEFORE INSERT ON `posts` FOR EACH ROW BEGIN
  IF NOT (NEW.body is null and NEW.link is null)
   or (NEW.body is null and NEW.media_id is null)
   or (NEW.link is null and NEW.media_id is null) 
  THEN
    SIGNAL SQLSTATE '45000'
    SET MESSAGE_TEXT = 'There can be only one type of content within a post';
  END IF;
END */;;
DELIMITER ;
/*!50003 SET sql_mode              = @saved_sql_mode */ ;
/*!50003 SET character_set_client  = @saved_cs_client */ ;
/*!50003 SET character_set_results = @saved_cs_results */ ;
/*!50003 SET collation_connection  = @saved_col_connection */ ;

--
-- Temporary view structure for view `subreddit_stats`
--

DROP TABLE IF EXISTS `subreddit_stats`;
/*!50001 DROP VIEW IF EXISTS `subreddit_stats`*/;
SET @saved_cs_client     = @@character_set_client;
/*!50503 SET character_set_client = utf8mb4 */;
/*!50001 CREATE VIEW `subreddit_stats` AS SELECT 
 1 AS `name`,
 1 AS `post_count`,
 1 AS `user_count`*/;
SET character_set_client = @saved_cs_client;

--
-- Table structure for table `subreddit_users`
--

DROP TABLE IF EXISTS `subreddit_users`;
/*!40101 SET @saved_cs_client     = @@character_set_client */;
/*!50503 SET character_set_client = utf8mb4 */;
CREATE TABLE `subreddit_users` (
  `subreddit_id` bigint unsigned NOT NULL COMMENT 'Ссылка на группу',
  `user_id` bigint unsigned NOT NULL COMMENT 'Ссылка на пользователя',
  `created_at` datetime DEFAULT CURRENT_TIMESTAMP COMMENT 'Время создания строки',
  PRIMARY KEY (`subreddit_id`,`user_id`) COMMENT 'Составной первичный ключ',
  KEY `subreddit_users_user_id_fk` (`user_id`),
  CONSTRAINT `subreddit_users_subreddit_id_fk` FOREIGN KEY (`subreddit_id`) REFERENCES `subreddits` (`id`) ON DELETE CASCADE,
  CONSTRAINT `subreddit_users_user_id_fk` FOREIGN KEY (`user_id`) REFERENCES `users` (`id`) ON DELETE CASCADE
) ENGINE=InnoDB DEFAULT CHARSET=utf8mb4 COLLATE=utf8mb4_0900_ai_ci;
/*!40101 SET character_set_client = @saved_cs_client */;

--
-- Dumping data for table `subreddit_users`
--

LOCK TABLES `subreddit_users` WRITE;
/*!40000 ALTER TABLE `subreddit_users` DISABLE KEYS */;
INSERT INTO `subreddit_users` VALUES (1,2,'2002-12-02 16:37:41'),(1,3,'1978-11-14 04:53:39'),(1,56,'2004-05-22 23:43:55'),(1,92,'2017-04-24 17:00:15'),(1,99,'1987-07-04 17:40:47'),(2,27,'1985-09-02 16:34:38'),(2,47,'1979-08-05 15:21:18'),(2,50,'1990-04-11 13:20:46'),(2,100,'2008-05-09 12:31:03'),(3,32,'1975-08-28 18:29:30'),(3,37,'2008-11-25 20:51:05'),(3,51,'1977-08-09 13:56:28'),(3,82,'2015-07-15 00:56:18'),(3,86,'2005-09-21 05:52:42'),(4,18,'1992-06-18 16:10:21'),(4,42,'1984-02-26 16:16:06'),(4,52,'2001-06-13 04:11:46'),(4,86,'2018-08-23 13:12:43'),(4,100,'2003-08-28 23:48:19'),(5,6,'2011-07-14 07:46:25'),(5,8,'1999-01-25 14:08:08'),(5,43,'1984-09-28 22:22:49'),(5,60,'1988-09-07 20:26:15'),(5,62,'1992-05-04 14:06:04'),(5,79,'1979-04-10 21:08:58'),(5,82,'2004-09-29 10:39:54'),(5,87,'2020-12-05 06:55:04'),(6,11,'1997-01-09 08:10:39'),(6,44,'1979-05-16 20:25:05'),(6,84,'2005-02-11 19:03:59'),(7,13,'1991-11-13 05:05:48'),(7,17,'1980-12-15 21:28:26'),(7,21,'1978-11-27 20:14:23'),(7,39,'1989-11-14 19:49:14'),(7,47,'2018-07-07 14:24:37'),(7,56,'1996-10-18 17:39:58'),(7,60,'1981-01-31 06:17:12'),(7,74,'1971-09-04 15:13:37'),(7,91,'1986-07-29 04:07:33'),(8,20,'2018-07-08 17:14:51'),(8,42,'1977-10-29 18:54:34'),(8,71,'1995-04-12 09:37:29'),(8,83,'2009-09-16 19:21:09'),(8,87,'1995-06-13 18:55:05'),(8,99,'1972-08-14 09:20:50'),(9,31,'2005-11-24 23:09:57'),(9,34,'1987-12-23 23:39:42'),(9,51,'1974-02-03 03:21:32'),(9,96,'1973-10-02 06:25:38'),(10,45,'1986-12-24 18:47:52'),(11,1,'2018-03-02 06:35:58'),(11,4,'1989-01-24 18:56:14'),(11,7,'2003-07-24 05:25:23'),(11,11,'2005-05-23 03:21:16'),(11,15,'1997-05-31 10:56:55'),(11,33,'2006-01-06 23:31:37'),(11,69,'2018-05-15 04:32:37'),(12,15,'1978-01-20 05:17:06'),(12,52,'1996-05-06 10:52:17'),(12,56,'1996-01-03 21:15:40'),(12,61,'1974-03-12 20:09:14'),(13,14,'2002-10-30 10:42:53'),(13,59,'1997-08-04 13:15:46'),(13,100,'2013-05-04 12:32:53'),(14,21,'2004-03-18 07:28:11'),(14,37,'1987-06-14 04:39:49'),(14,60,'2009-11-04 04:10:42'),(14,70,'1986-06-23 20:00:38'),(14,81,'1987-10-28 22:49:01'),(15,5,'2008-05-03 04:53:17'),(15,14,'2012-01-15 21:45:23'),(15,20,'2011-09-16 08:30:22'),(15,27,'1990-09-04 17:57:02'),(15,28,'2011-12-21 14:29:23'),(15,36,'1988-04-09 02:41:09'),(15,95,'2003-01-26 20:36:08'),(16,14,'2013-12-01 23:51:43'),(16,49,'1998-03-02 00:33:30'),(16,58,'2019-11-23 03:21:33'),(17,1,'1989-11-04 15:54:13'),(17,15,'1982-10-28 10:46:31'),(17,35,'2003-01-01 13:41:13'),(17,44,'1974-09-12 13:59:12'),(17,47,'1974-06-23 23:03:21'),(17,94,'1998-04-18 19:10:41'),(18,20,'1976-10-14 14:37:43'),(18,30,'2013-03-30 02:11:41'),(18,71,'2005-11-04 15:00:23'),(18,80,'1970-11-22 06:20:30'),(19,6,'1989-10-24 15:45:44'),(19,16,'1972-04-25 14:37:50'),(19,59,'1984-09-22 17:34:51'),(19,66,'1995-08-27 22:59:31'),(19,88,'2015-09-25 13:55:52'),(19,91,'1975-11-09 10:11:51'),(19,100,'2007-09-14 17:34:54'),(20,38,'1973-05-25 12:47:48'),(20,85,'2020-01-14 02:56:03'),(20,91,'1974-11-08 22:01:34'),(20,98,'2014-12-26 09:46:46');
/*!40000 ALTER TABLE `subreddit_users` ENABLE KEYS */;
UNLOCK TABLES;

--
-- Table structure for table `subreddits`
--

DROP TABLE IF EXISTS `subreddits`;
/*!40101 SET @saved_cs_client     = @@character_set_client */;
/*!50503 SET character_set_client = utf8mb4 */;
CREATE TABLE `subreddits` (
  `id` bigint unsigned NOT NULL AUTO_INCREMENT COMMENT 'Идентификатор строки',
  `name` varchar(150) NOT NULL COMMENT 'Название группы',
  `image_id` bigint unsigned DEFAULT NULL,
  `created_at` datetime DEFAULT CURRENT_TIMESTAMP COMMENT 'Время создания строки',
  `updated_at` datetime DEFAULT CURRENT_TIMESTAMP ON UPDATE CURRENT_TIMESTAMP COMMENT 'Время обновления строки',
  PRIMARY KEY (`id`),
  UNIQUE KEY `id` (`id`),
  UNIQUE KEY `name` (`name`),
  UNIQUE KEY `subreddit_name_index` (`name`),
  KEY `subreddits_image_id_fk` (`image_id`),
  CONSTRAINT `subreddits_image_id_fk` FOREIGN KEY (`image_id`) REFERENCES `media` (`id`) ON DELETE SET NULL
) ENGINE=InnoDB AUTO_INCREMENT=21 DEFAULT CHARSET=utf8mb4 COLLATE=utf8mb4_0900_ai_ci;
/*!40101 SET character_set_client = @saved_cs_client */;

--
-- Dumping data for table `subreddits`
--

LOCK TABLES `subreddits` WRITE;
/*!40000 ALTER TABLE `subreddits` DISABLE KEYS */;
INSERT INTO `subreddits` VALUES (1,'qui',19,'1980-10-18 20:59:27','2020-12-23 22:31:05'),(2,'voluptate',30,'2015-03-22 02:53:34','2020-12-23 22:31:05'),(3,'voluptatem',92,'1986-05-03 01:15:28','2020-12-23 22:31:05'),(4,'reprehenderit',71,'1997-10-24 16:20:37','2020-12-23 22:31:05'),(5,'illum',76,'1973-03-07 07:45:43','2020-12-23 22:31:05'),(6,'laboriosam',69,'1990-10-17 20:33:55','2020-12-23 22:31:05'),(7,'quasi',14,'1988-10-16 20:11:38','2020-12-23 22:31:05'),(8,'autem',65,'1976-05-16 20:06:45','2020-12-23 22:31:05'),(9,'quia',82,'1974-06-02 11:01:50','2020-12-23 22:31:05'),(10,'quibusdam',16,'1984-10-28 15:24:38','2020-12-23 22:31:05'),(11,'molestiae',31,'2001-09-28 12:52:55','2020-12-23 22:31:05'),(12,'fuga',9,'2004-10-01 14:46:11','2020-12-23 22:31:05'),(13,'odio',51,'1971-01-06 12:06:11','2020-12-23 22:31:05'),(14,'voluptas',29,'1988-01-24 03:58:12','2020-12-23 22:31:05'),(15,'laborum',90,'1973-10-09 16:09:54','2020-12-23 22:31:05'),(16,'debitis',61,'1985-08-26 00:11:37','2020-12-23 22:31:05'),(17,'rerum',34,'1979-10-15 18:35:05','2020-12-23 22:31:05'),(18,'fugiat',87,'2001-06-01 14:47:06','2020-12-23 22:31:05'),(19,'dolores',35,'2006-04-08 06:29:24','2020-12-23 22:31:05'),(20,'magni',10,'2005-01-24 08:53:50','2020-12-23 22:31:05');
/*!40000 ALTER TABLE `subreddits` ENABLE KEYS */;
UNLOCK TABLES;

--
-- Table structure for table `user_profiles`
--

DROP TABLE IF EXISTS `user_profiles`;
/*!40101 SET @saved_cs_client     = @@character_set_client */;
/*!50503 SET character_set_client = utf8mb4 */;
CREATE TABLE `user_profiles` (
  `user_id` bigint unsigned DEFAULT NULL,
  `karma` int NOT NULL,
  `created_at` datetime DEFAULT CURRENT_TIMESTAMP,
  `updated_at` datetime DEFAULT CURRENT_TIMESTAMP,
  `profile_picture_id` bigint unsigned DEFAULT NULL,
  `banner_image_id` bigint unsigned DEFAULT NULL,
  `display_name` varchar(30) DEFAULT NULL,
  `about` varchar(300) DEFAULT NULL,
  UNIQUE KEY `display_name` (`display_name`),
  KEY `user_profiles_user_id_fk` (`user_id`),
  KEY `user_profiles_profile_picture_id_fk` (`profile_picture_id`),
  KEY `user_profiles_banner_image_id_fk` (`banner_image_id`),
  CONSTRAINT `user_profiles_banner_image_id_fk` FOREIGN KEY (`banner_image_id`) REFERENCES `media` (`id`) ON DELETE SET NULL,
  CONSTRAINT `user_profiles_profile_picture_id_fk` FOREIGN KEY (`profile_picture_id`) REFERENCES `media` (`id`) ON DELETE SET NULL,
  CONSTRAINT `user_profiles_user_id_fk` FOREIGN KEY (`user_id`) REFERENCES `users` (`id`) ON DELETE CASCADE
) ENGINE=InnoDB DEFAULT CHARSET=utf8mb4 COLLATE=utf8mb4_0900_ai_ci;
/*!40101 SET character_set_client = @saved_cs_client */;

--
-- Dumping data for table `user_profiles`
--

LOCK TABLES `user_profiles` WRITE;
/*!40000 ALTER TABLE `user_profiles` DISABLE KEYS */;
INSERT INTO `user_profiles` VALUES (1,5700,'1978-07-22 00:04:54','1984-03-20 04:47:56',57,72,'quisquam','Accusantium qui sint doloremque incidunt quidem est.'),(2,7699,'2010-06-14 09:32:10','2020-12-23 22:26:00',50,10,'reprehenderit','Quia maiores deserunt culpa eos.'),(3,9875,'1993-05-07 02:38:56','2001-06-11 21:12:07',79,36,'modi','Aspernatur quibusdam nostrum et animi.'),(4,1912,'2012-09-06 11:36:52','2020-12-23 22:26:00',43,49,'minima','Ut fuga eligendi nemo culpa enim.'),(5,6170,'1971-04-10 11:46:16','1993-08-29 03:27:10',76,36,'similique','Nesciunt cumque provident expedita nihil.'),(6,1834,'2007-12-09 02:08:39','2010-01-30 00:51:23',52,34,'dolores','Exercitationem impedit aspernatur distinctio nihil dolores non.'),(7,9957,'1994-03-09 20:55:33','2000-01-23 13:41:19',31,61,'omnis','Dolorum placeat molestiae deleniti ratione sapiente cupiditate dolorem quia.'),(8,11902,'1976-10-16 15:38:58','1991-11-26 08:32:57',100,3,'doloremque','Voluptas autem cupiditate in soluta neque est.'),(9,4101,'2012-11-26 14:08:10','2020-12-23 22:26:00',4,30,'tempora','Impedit aut voluptate debitis quia ut.'),(10,6566,'2012-01-08 19:25:43','2020-12-23 22:26:00',21,41,'dicta','Dignissimos dolorem numquam dolor facere nisi ut dolorem.'),(11,6404,'1994-05-21 20:36:17','1998-09-01 05:26:16',93,14,'neque','Voluptas ut soluta iste non.'),(12,7836,'1975-03-10 18:08:02','1988-05-20 01:41:52',3,48,'enim','Aut ut facilis dolor facilis vel labore commodi ducimus.'),(13,6799,'1993-05-12 17:08:38','2020-09-16 04:37:37',33,97,'officiis','Expedita mollitia saepe rerum eos commodi.'),(14,7171,'1990-03-15 23:09:56','2009-08-15 07:41:14',56,39,'quod','Laboriosam odio rerum asperiores aut autem.'),(15,5906,'1990-04-19 19:07:52','2020-12-23 22:26:00',79,5,'id','Eaque expedita voluptate voluptas exercitationem fugit veritatis.'),(16,7676,'2012-10-15 21:21:59','2016-03-15 02:26:39',27,7,'eum','Provident dolores ea occaecati ut.'),(17,4476,'1998-07-24 13:11:13','2011-12-20 20:05:42',97,21,'quia','Nihil ipsam voluptates ut veniam labore et.'),(18,11621,'2009-03-30 11:11:13','2020-12-23 22:26:00',3,83,'non','Modi asperiores optio qui distinctio deleniti.'),(19,5693,'2003-09-13 11:06:59','2020-12-23 22:26:00',23,51,'occaecati','Qui sit nemo ipsa suscipit aperiam numquam occaecati quam.'),(20,4454,'1997-09-05 07:35:03','2017-12-29 23:58:58',6,7,'voluptates','Unde odio nam reprehenderit et accusamus architecto.'),(21,12466,'1989-04-01 17:03:46','2014-09-07 02:08:20',60,80,'voluptatem','At voluptate est occaecati maiores ex magni.'),(22,10805,'1978-01-20 02:53:24','1982-05-06 19:45:31',82,80,'harum','Adipisci voluptatem autem praesentium neque quidem vel nihil.'),(23,6674,'1985-08-06 07:03:54','1996-01-08 01:17:44',31,59,'voluptas','Dignissimos quaerat nostrum distinctio doloribus possimus.'),(24,10968,'1977-12-29 16:57:15','2020-12-23 22:26:00',6,55,'nostrum','Eos illum reiciendis ut libero dolorem ad dolore.'),(25,12116,'1985-07-20 08:52:14','2020-12-23 22:26:00',36,97,'nobis','Incidunt facilis facere pariatur excepturi perferendis.'),(26,6928,'1995-02-05 13:58:20','2019-04-20 08:25:27',62,20,'ad','Neque magni delectus et consequuntur.'),(27,3920,'2002-12-12 03:18:16','2020-12-23 22:26:00',3,9,'aperiam','Harum eaque aut ratione sed error ab.'),(28,9399,'1994-11-10 16:02:15','2015-11-11 12:37:02',30,82,'ut','Eos error exercitationem ipsam sint quo ut est quos.'),(29,2867,'1971-11-11 18:07:26','1988-04-03 08:08:31',38,85,'at','Sed vel voluptatibus odit.'),(30,2422,'2001-02-25 15:43:46','2020-12-23 22:26:00',99,78,'nesciunt','Magnam ex sint enim et labore voluptatum.'),(31,7165,'1996-08-15 20:41:58','2014-07-01 02:27:33',80,36,'veritatis','Eum impedit nemo natus pariatur ut accusantium reiciendis consequatur.'),(32,12618,'1980-06-07 05:30:42','1990-05-12 01:55:22',4,45,'quasi','Itaque nihil possimus non eius eligendi ducimus.'),(33,5830,'1972-11-11 21:18:19','2017-06-30 13:36:42',80,18,'et','Mollitia voluptatum necessitatibus consectetur dolor.'),(34,2554,'2007-09-25 18:59:44','2020-12-23 22:26:00',85,54,'recusandae','Rerum voluptatem praesentium magnam dolore.'),(35,2740,'2005-01-26 07:46:59','2020-12-23 22:26:00',86,14,'ea','Aperiam beatae est molestiae et maxime hic non.'),(36,9072,'1996-01-05 15:01:14','2020-12-23 22:26:00',74,7,'debitis','Dolorem cum eaque incidunt nisi cumque officiis et laboriosam.'),(37,11577,'1990-09-26 23:34:23','2007-06-22 14:46:55',12,95,'necessitatibus','Dolores similique est debitis consequatur minus aut quam.'),(38,11087,'1974-09-11 16:16:20','2019-10-07 09:16:24',36,54,'blanditiis','Dolore voluptatum ut porro voluptas dolor omnis.'),(39,6160,'1990-07-06 22:57:09','2010-09-05 03:46:52',44,83,'optio','Odio accusamus earum ad reiciendis consectetur mollitia.'),(40,4276,'2000-03-07 11:22:18','2011-06-11 14:57:32',10,54,'ipsam','Veniam qui qui tempore nulla fugit non.'),(41,7593,'2007-04-01 09:38:30','2020-12-23 22:26:00',18,21,'ipsum','Delectus libero et a quod corporis accusantium molestiae.'),(42,8775,'1996-12-30 02:12:30','2011-07-14 00:18:57',59,39,'iste','Qui rerum sunt sequi ea veritatis adipisci in.'),(43,9840,'2004-10-15 21:03:15','2015-02-05 19:29:34',39,35,'cupiditate','Nostrum eos qui reiciendis perspiciatis.'),(44,3084,'2015-09-09 05:21:43','2020-12-23 22:26:00',21,56,'sed','Est et quo quod.'),(45,7853,'2012-06-04 15:30:50','2020-12-23 22:26:00',84,74,'soluta','Ut rerum magnam architecto ipsa similique blanditiis praesentium voluptates.'),(46,4818,'1976-01-21 03:57:29','1992-10-20 00:26:03',59,2,'velit','Dolor rerum aspernatur vitae voluptas ipsam deleniti cupiditate.'),(47,12257,'2012-11-19 04:47:31','2013-02-17 12:03:26',41,87,'quaerat','Non qui eligendi quae est.'),(48,11309,'1972-04-22 23:55:35','2016-04-09 07:21:36',28,27,'sit','Non sit modi quo omnis.'),(49,1610,'2004-02-05 08:15:43','2020-12-23 22:26:00',17,76,'consequatur','Et repellendus et et sint molestias.'),(50,2292,'1990-04-09 11:07:37','2000-10-31 01:38:23',1,96,'veniam','Dignissimos possimus voluptatibus sed ut.'),(51,7742,'2003-08-10 10:48:34','2020-12-23 22:26:00',53,53,'error','Deleniti voluptates enim nobis quaerat.'),(52,4319,'2005-08-19 15:08:13','2020-12-23 22:26:00',61,77,'eveniet','Tenetur vel voluptatum quo culpa voluptatem.'),(54,6323,'2012-10-30 05:52:09','2020-12-23 22:26:00',48,24,'aliquid','Tenetur iusto laudantium at iusto.'),(57,7034,'2009-02-23 19:33:53','2020-09-15 22:56:52',54,91,'rem','Et eius incidunt ut totam molestias qui.'),(53,7833,'1998-02-07 07:13:53','2000-03-25 06:46:08',28,80,'tenetur','Veritatis sed aut odio nam quidem.'),(55,3520,'1977-03-31 15:54:06','2020-12-23 22:26:00',77,26,'repudiandae','Corrupti omnis aut et accusamus explicabo voluptas dolorum.'),(56,2949,'1970-04-06 06:41:43','2012-07-10 12:36:14',100,88,'aut','Consequatur harum quibusdam voluptates aliquid et.'),(58,4683,'1972-08-28 23:08:15','1999-09-05 02:26:35',69,65,'iusto','Dolorem sunt commodi quos quia ut.'),(59,7880,'1984-12-03 06:50:57','2020-12-23 22:26:00',46,58,'commodi','Voluptate et eveniet et porro molestiae.'),(60,1782,'2014-05-01 14:37:59','2020-12-23 22:26:00',19,95,'dolor','Rerum ab suscipit atque quaerat voluptatem ut.'),(61,10585,'1982-12-21 01:57:51','2020-12-23 22:26:00',59,99,'corporis','Sapiente est sunt nemo exercitationem ea aut.'),(62,9490,'1996-08-20 00:01:05','2020-12-23 22:26:00',36,12,'esse','Nostrum ex sunt quia maiores enim.'),(63,10245,'1973-02-11 11:10:39','1985-07-06 14:49:56',3,62,'autem','Sit velit veniam eos et eveniet qui odio.'),(64,11208,'1971-11-19 18:39:20','1993-07-14 20:14:59',5,73,'cumque','Consectetur corporis totam harum est ut.'),(65,1861,'2017-01-24 06:55:42','2020-12-23 22:26:00',17,80,'provident','Iste ipsa dignissimos harum aut aspernatur.'),(66,5088,'2004-11-19 07:35:47','2016-08-06 00:41:14',69,81,'rerum','Iste animi at ipsa dignissimos velit eum quasi.'),(67,9639,'1985-04-30 08:50:55','2020-12-23 22:26:00',92,62,'quam','Quia nemo repudiandae quo repudiandae quo nam beatae in.'),(68,3543,'1984-11-08 07:43:16','1988-12-04 13:17:21',52,66,'deleniti','Dolore aut quidem voluptates.'),(69,5033,'1975-01-23 16:26:43','2015-05-01 01:20:44',83,43,'vitae','Odit ducimus porro expedita consequatur rerum minus.'),(70,8802,'1992-03-16 13:08:40','1994-07-15 02:44:46',60,17,'ab','Quia illo aspernatur et.'),(71,6106,'2015-03-13 16:36:47','2020-12-23 22:26:00',50,57,'deserunt','Ut qui aut sit.'),(72,6630,'2016-12-13 17:59:58','2020-12-23 22:26:00',71,34,'itaque','Dolorem nam ea quia quia et provident inventore.'),(73,3370,'1990-01-31 08:56:04','2020-12-23 22:26:00',2,100,'quo','Expedita esse iste molestias deserunt.'),(74,11423,'1972-01-10 17:47:11','2004-03-09 06:33:26',98,94,'nemo','At quas asperiores ducimus dolor.'),(75,5671,'2009-05-05 01:55:05','2020-12-23 22:26:00',84,70,'voluptatibus','Sit odit quia officia assumenda numquam nisi perferendis.'),(76,3074,'1995-07-20 15:37:22','2020-12-23 22:26:00',26,67,'placeat','Voluptas cupiditate vel optio esse dolorem dignissimos aliquam.'),(77,10595,'1986-04-19 02:46:34','2016-07-26 11:23:57',78,27,'inventore','Quasi aliquid labore molestias consequatur.'),(78,8426,'1975-04-28 22:55:15','1977-02-12 01:34:03',10,32,'consequuntur','Dignissimos illum veniam voluptate rerum natus.'),(79,9874,'2013-04-27 08:01:45','2020-12-23 22:26:00',18,80,'sint','Harum ipsa velit est.'),(80,6201,'2015-02-05 10:30:54','2019-02-28 10:02:08',57,2,'eius','Quos doloremque soluta voluptatem.'),(81,4313,'2004-04-30 02:05:44','2020-12-23 22:26:00',33,69,'reiciendis','Provident reiciendis eveniet delectus repellat vel.'),(82,5415,'1998-04-01 02:51:36','2019-12-22 17:08:25',93,39,'distinctio','Officiis quia quaerat ut aut accusantium quia consectetur.'),(83,3619,'1983-04-02 07:38:21','1987-03-30 04:01:28',66,86,'impedit','Qui occaecati animi voluptatem.'),(84,12093,'1971-12-25 21:16:32','2009-12-18 21:46:28',49,15,'laboriosam','Sed voluptatem voluptatum rerum vitae iste in doloremque est.'),(85,12571,'1994-05-02 01:01:16','2000-09-10 20:40:36',46,15,'suscipit','Architecto voluptates provident illum perspiciatis nihil aut.'),(86,5026,'1995-04-16 21:47:10','2007-05-20 14:18:39',84,29,'animi','Soluta ea voluptas animi sit.'),(87,4473,'1992-07-17 12:16:34','2011-08-10 05:55:30',83,100,'eaque','Numquam in ut ullam.'),(88,9930,'2001-08-29 11:04:30','2020-12-23 22:26:00',59,15,'excepturi','Sint ad nostrum non quidem.'),(89,6456,'1978-05-27 07:06:30','1986-10-16 10:14:37',47,71,'alias','Aut exercitationem modi dolore autem eos animi.'),(90,6184,'2010-10-22 13:01:14','2020-12-23 22:26:00',59,13,'fuga','Sed aut dolor nihil magni quasi.'),(91,8271,'1996-05-17 07:41:27','2011-05-13 19:52:56',52,48,'nisi','Ut quam dolor rerum qui doloribus rerum debitis.'),(92,2507,'2004-01-06 21:44:10','2020-12-23 22:26:00',85,2,'accusantium','Et vero voluptate debitis molestiae.'),(93,11063,'2009-09-04 19:15:12','2020-12-23 22:26:00',66,64,'odio','Vel inventore aut maiores dolores non omnis.'),(94,4206,'2011-02-18 23:42:42','2020-12-23 22:26:00',74,16,'est','Illum facere veniam quod ipsum omnis.'),(95,12619,'1994-01-19 23:26:28','2020-12-23 22:26:00',73,88,'sunt','Et voluptatibus iure amet accusamus.'),(96,10806,'1986-02-23 09:18:09','2014-07-13 00:49:49',42,92,'in','Consequatur cupiditate aut rerum explicabo odit et dolorem.'),(97,7570,'1991-11-02 12:35:32','1996-06-14 02:53:57',89,95,'perspiciatis','Reprehenderit quia autem autem sit vitae et repellendus.'),(98,3675,'1978-09-04 04:06:36','2006-02-04 14:34:09',21,100,'incidunt','Assumenda quam nisi consequatur eum ad.'),(99,7457,'1981-05-07 07:28:57','1997-09-24 00:51:30',36,13,'natus','Voluptate provident est similique maiores velit.'),(100,9156,'1985-01-31 17:56:29','2013-08-07 19:22:39',16,67,'expedita','Vero ducimus autem iure perferendis ipsum.');
/*!40000 ALTER TABLE `user_profiles` ENABLE KEYS */;
UNLOCK TABLES;

--
-- Table structure for table `users`
--

DROP TABLE IF EXISTS `users`;
/*!40101 SET @saved_cs_client     = @@character_set_client */;
/*!50503 SET character_set_client = utf8mb4 */;
CREATE TABLE `users` (
  `id` bigint unsigned NOT NULL AUTO_INCREMENT,
  `username` varchar(50) NOT NULL,
  `email` varchar(100) NOT NULL,
  PRIMARY KEY (`id`),
  UNIQUE KEY `id` (`id`),
  UNIQUE KEY `username` (`username`),
  UNIQUE KEY `email` (`email`),
  UNIQUE KEY `username_index` (`username`),
  UNIQUE KEY `email_index` (`email`)
) ENGINE=InnoDB AUTO_INCREMENT=125 DEFAULT CHARSET=utf8mb4 COLLATE=utf8mb4_0900_ai_ci;
/*!40101 SET character_set_client = @saved_cs_client */;

--
-- Dumping data for table `users`
--

LOCK TABLES `users` WRITE;
/*!40000 ALTER TABLE `users` DISABLE KEYS */;
INSERT INTO `users` VALUES (1,'ima05','xdouglas@example.net'),(2,'jast.michaela','anjali.dickens@example.org'),(3,'bstrosin','alisa64@example.com'),(4,'lakin.alec','smitham.pasquale@example.com'),(5,'king.furman','mikayla.ferry@example.com'),(6,'bode.pearl','terrell84@example.org'),(7,'gage62','sonny.barrows@example.net'),(8,'oullrich','xdicki@example.com'),(9,'zcronin','dana33@example.com'),(10,'lafayette.bins','ezemlak@example.com'),(11,'lind.kendrick','lsmith@example.org'),(12,'nkunde','ghessel@example.org'),(13,'cheathcote','jose.daniel@example.net'),(14,'maureen47','francisco.berge@example.org'),(15,'cwiegand','lockman.branson@example.net'),(16,'thiel.evan','aheaney@example.org'),(17,'xfadel','emie.hermiston@example.org'),(18,'mrau','gottlieb.hailee@example.com'),(19,'auer.rosario','stokes.sage@example.org'),(20,'cristobal.wilkinson','ava.braun@example.org'),(21,'frowe','kurt.wiegand@example.net'),(22,'levi82','aaliyah.yundt@example.org'),(23,'renner.elmo','antone.braun@example.org'),(24,'swaniawski.florencio','rath.alayna@example.net'),(25,'virginie.schuster','kgaylord@example.org'),(26,'glenda12','koss.buck@example.org'),(27,'christy.ruecker','mafalda16@example.com'),(28,'zola.blanda','carlos.mayert@example.com'),(29,'thad.hudson','kiera29@example.org'),(30,'kiehn.hattie','hconn@example.org'),(31,'ogusikowski','franco93@example.com'),(32,'yundt.perry','bernadine.gerlach@example.net'),(33,'batz.alycia','larue.wuckert@example.org'),(34,'priscilla44','lbergstrom@example.org'),(35,'istoltenberg','davion04@example.com'),(36,'giles.steuber','kiarra.beier@example.com'),(37,'bins.ian','kozey.danial@example.org'),(38,'yweissnat','rherzog@example.com'),(39,'connelly.lorena','walter.enos@example.net'),(40,'minnie.kessler','akling@example.org'),(41,'darlene75','rdach@example.net'),(42,'nhuels','charlotte42@example.net'),(43,'dannie68','yfisher@example.net'),(44,'ncorwin','prosacco.ebba@example.net'),(45,'erdman.diana','brenden64@example.org'),(46,'price.sauer','wilburn.ward@example.net'),(47,'horace.dooley','eichmann.sean@example.com'),(48,'ruecker.haleigh','federico12@example.net'),(49,'lpaucek','gulgowski.may@example.com'),(50,'bernhard.cristobal','craig95@example.org'),(51,'mante.eino','dalton.moen@example.org'),(52,'abelardo95','skris@example.org'),(53,'dee.mann','crooks.viola@example.net'),(54,'jschoen','koepp.esther@example.net'),(55,'ybuckridge','karlie90@example.com'),(56,'cormier.kasandra','kaia78@example.net'),(57,'jevon11','swaniawski.bernice@example.net'),(58,'dkonopelski','ruecker.ericka@example.org'),(59,'rocio19','reagan.stamm@example.com'),(60,'medhurst.clarissa','bsauer@example.com'),(61,'quinton.fahey','ehegmann@example.net'),(62,'emmerich.precious','quinn80@example.com'),(63,'schoen.gayle','anika25@example.net'),(64,'trath','ashton.weissnat@example.net'),(65,'wendell.schiller','bednar.esther@example.org'),(66,'csawayn','konopelski.karianne@example.net'),(67,'veum.jerrell','asia.grimes@example.org'),(68,'kasandra97','lavada04@example.com'),(69,'darrel12','duane.mitchell@example.org'),(70,'wilma15','mjohns@example.org'),(71,'renner.molly','maddison22@example.net'),(72,'dejuan.littel','bweissnat@example.net'),(73,'qcasper','jlabadie@example.org'),(74,'jkrajcik','manuela41@example.com'),(75,'qmurphy','kendrick64@example.net'),(76,'beer.jovani','jeremy72@example.org'),(77,'arnold.bailey','leanne95@example.com'),(78,'braun.herminio','macy68@example.org'),(79,'mohamed.kuhlman','rath.devan@example.com'),(80,'wheaney','boyd.towne@example.com'),(81,'susan88','joesph.boehm@example.net'),(82,'clifton.jaskolski','derrick58@example.com'),(83,'cristobal.moen','williamson.josefa@example.com'),(84,'jeremie68','payton.stracke@example.net'),(85,'hoppe.earlene','travis.waters@example.org'),(86,'kaylin15','osbaldo56@example.org'),(87,'reilly17','rath.jolie@example.net'),(88,'tgislason','egreenfelder@example.org'),(89,'elarson','shields.bernadette@example.com'),(90,'isaiah.greenfelder','kweber@example.com'),(91,'williamson.melisa','matilda68@example.com'),(92,'kuhn.janelle','vnikolaus@example.net'),(93,'purdy.isabella','mia.kerluke@example.com'),(94,'kmante','ylarson@example.org'),(95,'stiedemann.zoey','groberts@example.com'),(96,'alyce.dicki','solon72@example.org'),(97,'rebecca38','miller.jakayla@example.net'),(98,'fcassin','assunta98@example.com'),(99,'strosin.jaydon','therese66@example.net'),(100,'foster33','eichmann.roy@example.org');
/*!40000 ALTER TABLE `users` ENABLE KEYS */;
UNLOCK TABLES;

--
-- Final view structure for view `CURRENT_VOTES_POSTS`
--

/*!50001 DROP VIEW IF EXISTS `CURRENT_VOTES_POSTS`*/;
/*!50001 SET @saved_cs_client          = @@character_set_client */;
/*!50001 SET @saved_cs_results         = @@character_set_results */;
/*!50001 SET @saved_col_connection     = @@collation_connection */;
/*!50001 SET character_set_client      = utf8mb4 */;
/*!50001 SET character_set_results     = utf8mb4 */;
/*!50001 SET collation_connection      = utf8mb4_0900_ai_ci */;
/*!50001 CREATE ALGORITHM=UNDEFINED */
/*!50013 DEFINER=`root`@`localhost` SQL SECURITY DEFINER */
/*!50001 VIEW `CURRENT_VOTES_POSTS` AS select `posts`.`head` AS `post`,`users`.`username` AS `author`,sum((case when (`post_votes`.`vote_type` = '1') then 1 else -(1) end)) AS `vote_count` from ((`posts` left join `users` on((`posts`.`user_id` = `users`.`id`))) left join `post_votes` on((`post_votes`.`post_id` = `posts`.`id`))) group by `posts`.`id` */;
/*!50001 SET character_set_client      = @saved_cs_client */;
/*!50001 SET character_set_results     = @saved_cs_results */;
/*!50001 SET collation_connection      = @saved_col_connection */;

--
-- Final view structure for view `awarded_users`
--

/*!50001 DROP VIEW IF EXISTS `awarded_users`*/;
/*!50001 SET @saved_cs_client          = @@character_set_client */;
/*!50001 SET @saved_cs_results         = @@character_set_results */;
/*!50001 SET @saved_col_connection     = @@collation_connection */;
/*!50001 SET character_set_client      = utf8mb4 */;
/*!50001 SET character_set_results     = utf8mb4 */;
/*!50001 SET collation_connection      = utf8mb4_0900_ai_ci */;
/*!50001 CREATE ALGORITHM=UNDEFINED */
/*!50013 DEFINER=`root`@`localhost` SQL SECURITY DEFINER */
/*!50001 VIEW `awarded_users` AS select `users`.`username` AS `username`,`award_types`.`name` AS `award_name` from ((`awards` left join `users` on((`awards`.`to_user_id` = `users`.`id`))) left join `award_types` on((`awards`.`award_type_id` = `award_types`.`id`))) */;
/*!50001 SET character_set_client      = @saved_cs_client */;
/*!50001 SET character_set_results     = @saved_cs_results */;
/*!50001 SET collation_connection      = @saved_col_connection */;

--
-- Final view structure for view `current_votes_on_posts`
--

/*!50001 DROP VIEW IF EXISTS `current_votes_on_posts`*/;
/*!50001 SET @saved_cs_client          = @@character_set_client */;
/*!50001 SET @saved_cs_results         = @@character_set_results */;
/*!50001 SET @saved_col_connection     = @@collation_connection */;
/*!50001 SET character_set_client      = utf8mb4 */;
/*!50001 SET character_set_results     = utf8mb4 */;
/*!50001 SET collation_connection      = utf8mb4_0900_ai_ci */;
/*!50001 CREATE ALGORITHM=UNDEFINED */
/*!50013 DEFINER=`root`@`localhost` SQL SECURITY DEFINER */
/*!50001 VIEW `current_votes_on_posts` AS select `posts`.`head` AS `post`,`users`.`username` AS `author`,sum((case when (`post_votes`.`vote_type` = '1') then 1 else -(1) end)) AS `vote_count` from ((`posts` left join `users` on((`posts`.`user_id` = `users`.`id`))) left join `post_votes` on((`post_votes`.`post_id` = `posts`.`id`))) group by `posts`.`id` */;
/*!50001 SET character_set_client      = @saved_cs_client */;
/*!50001 SET character_set_results     = @saved_cs_results */;
/*!50001 SET collation_connection      = @saved_col_connection */;

--
-- Final view structure for view `subreddit_stats`
--

/*!50001 DROP VIEW IF EXISTS `subreddit_stats`*/;
/*!50001 SET @saved_cs_client          = @@character_set_client */;
/*!50001 SET @saved_cs_results         = @@character_set_results */;
/*!50001 SET @saved_col_connection     = @@collation_connection */;
/*!50001 SET character_set_client      = utf8mb4 */;
/*!50001 SET character_set_results     = utf8mb4 */;
/*!50001 SET collation_connection      = utf8mb4_0900_ai_ci */;
/*!50001 CREATE ALGORITHM=UNDEFINED */
/*!50013 DEFINER=`root`@`localhost` SQL SECURITY DEFINER */
/*!50001 VIEW `subreddit_stats` AS select `subreddits`.`name` AS `name`,count(distinct `posts`.`id`) AS `post_count`,count(distinct `subreddit_users`.`user_id`) AS `user_count` from ((`subreddits` left join `posts` on((`subreddits`.`id` = `posts`.`subreddit_id`))) left join `subreddit_users` on((`subreddits`.`id` = `subreddit_users`.`subreddit_id`))) group by `subreddits`.`id` */;
/*!50001 SET character_set_client      = @saved_cs_client */;
/*!50001 SET character_set_results     = @saved_cs_results */;
/*!50001 SET collation_connection      = @saved_col_connection */;
/*!40103 SET TIME_ZONE=@OLD_TIME_ZONE */;

/*!40101 SET SQL_MODE=@OLD_SQL_MODE */;
/*!40014 SET FOREIGN_KEY_CHECKS=@OLD_FOREIGN_KEY_CHECKS */;
/*!40014 SET UNIQUE_CHECKS=@OLD_UNIQUE_CHECKS */;
/*!40101 SET CHARACTER_SET_CLIENT=@OLD_CHARACTER_SET_CLIENT */;
/*!40101 SET CHARACTER_SET_RESULTS=@OLD_CHARACTER_SET_RESULTS */;
/*!40101 SET COLLATION_CONNECTION=@OLD_COLLATION_CONNECTION */;
/*!40111 SET SQL_NOTES=@OLD_SQL_NOTES */;

-- Dump completed on 2020-12-27 21:47:44
