-- MySQL dump 10.13  Distrib 8.0.22, for Linux (x86_64)
--
-- Host: localhost    Database: vk
-- ------------------------------------------------------
-- Server version	8.0.22-0ubuntu0.20.04.2

/*!40101 SET @OLD_CHARACTER_SET_CLIENT=@@CHARACTER_SET_CLIENT */;
/*!40101 SET @OLD_CHARACTER_SET_RESULTS=@@CHARACTER_SET_RESULTS */;
/*!40101 SET @OLD_COLLATION_CONNECTION=@@COLLATION_CONNECTION */;
/*!50503 SET NAMES utf8mb4 */;
/*!40103 SET @OLD_TIME_ZONE=@@TIME_ZONE */;
/*!40103 SET TIME_ZONE='+00:00' */;
/*!40014 SET @OLD_UNIQUE_CHECKS=@@UNIQUE_CHECKS, UNIQUE_CHECKS=0 */;
/*!40014 SET @OLD_FOREIGN_KEY_CHECKS=@@FOREIGN_KEY_CHECKS, FOREIGN_KEY_CHECKS=0 */;
/*!40101 SET @OLD_SQL_MODE=@@SQL_MODE, SQL_MODE='NO_AUTO_VALUE_ON_ZERO' */;
/*!40111 SET @OLD_SQL_NOTES=@@SQL_NOTES, SQL_NOTES=0 */;

--
-- Table structure for table `city`
--

DROP TABLE IF EXISTS `city`;
/*!40101 SET @saved_cs_client     = @@character_set_client */;
/*!50503 SET character_set_client = utf8mb4 */;
CREATE TABLE `city` (
  `id` int unsigned NOT NULL AUTO_INCREMENT COMMENT 'Идентификатор строки',
  `country_id` int unsigned NOT NULL COMMENT 'Ссылка на страну местонахождения города',
  `name` varchar(130) CHARACTER SET utf8 COLLATE utf8_unicode_ci DEFAULT NULL COMMENT 'Название города',
  PRIMARY KEY (`id`)
) ENGINE=InnoDB AUTO_INCREMENT=101 DEFAULT CHARSET=utf8 COLLATE=utf8_unicode_ci COMMENT='Список городов';
/*!40101 SET character_set_client = @saved_cs_client */;

--
-- Dumping data for table `city`
--

LOCK TABLES `city` WRITE;
/*!40000 ALTER TABLE `city` DISABLE KEYS */;
INSERT INTO `city` VALUES (1,6,'Jerelville'),(2,6,'South Collin'),(3,3,'Port Hudsonfort'),(4,7,'East Zitahaven'),(5,8,'South Magdalen'),(6,7,'Towneborough'),(7,6,'Port Yadira'),(8,7,'Ebertmouth'),(9,6,'Port Pearline'),(10,7,'Jacintobury'),(11,9,'Clevelandshire'),(12,1,'Lednerview'),(13,4,'Marktown'),(14,2,'Dannieport'),(15,1,'Chadtown'),(16,7,'New Marc'),(17,7,'Jabarihaven'),(18,1,'Naderport'),(19,8,'South Lilyhaven'),(20,2,'Celiafort'),(21,1,'North Donnieside'),(22,5,'Caylaberg'),(23,2,'Lake Una'),(24,6,'New Ottoborough'),(25,6,'Port Bryanaburgh'),(26,2,'Pearliemouth'),(27,4,'Sporerfort'),(28,3,'West Jakobstad'),(29,6,'New Marcus'),(30,3,'Veumtown'),(31,3,'Port Reneeborough'),(32,5,'Sawaynbury'),(33,6,'Port Micaelaville'),(34,5,'Feilshire'),(35,5,'Fannieborough'),(36,5,'Earnestinechester'),(37,3,'New Rodrigo'),(38,2,'Port Clementine'),(39,3,'Gaytown'),(40,3,'South Providencihaven'),(41,1,'New Birdiestad'),(42,6,'North Florida'),(43,4,'New Ed'),(44,8,'East Larrymouth'),(45,9,'East Sabina'),(46,1,'Lake Lucius'),(47,6,'Kiehnfurt'),(48,3,'New August'),(49,5,'Maidaview'),(50,9,'West Madisonbury'),(51,1,'Port Lourdes'),(52,3,'New Kentonburgh'),(53,2,'Port Jackland'),(54,7,'Port Violet'),(55,1,'East Fidelberg'),(56,7,'West Clint'),(57,4,'North Melynachester'),(58,8,'Lake Bert'),(59,6,'Larsonton'),(60,8,'Marytown'),(61,3,'New Maevefort'),(62,8,'Port Everette'),(63,2,'Goodwinview'),(64,1,'West Beaulahside'),(65,9,'East Malcolm'),(66,6,'Langmouth'),(67,9,'Hilarioton'),(68,5,'Naderville'),(69,7,'Vernberg'),(70,6,'North Demetriusbury'),(71,8,'New Rodrickton'),(72,7,'East Angelicachester'),(73,7,'Nicholasmouth'),(74,1,'West Brantburgh'),(75,9,'Keyonmouth'),(76,3,'Hollyport'),(77,5,'New Kristin'),(78,1,'South Laura'),(79,3,'Hoppeburgh'),(80,5,'Cathrynview'),(81,3,'Langoshbury'),(82,7,'Juneland'),(83,7,'North Madonnafort'),(84,5,'West Heber'),(85,4,'Petraport'),(86,7,'Lucileburgh'),(87,8,'North Mortimer'),(88,6,'Deckowmouth'),(89,4,'Weberchester'),(90,3,'Gulgowskiton'),(91,6,'Urbanburgh'),(92,3,'Prohaskamouth'),(93,6,'Lake Jannieside'),(94,4,'Lake Kenyaville'),(95,3,'South Hollishaven'),(96,4,'East Waylon'),(97,2,'West Aleen'),(98,7,'East Mistyborough'),(99,3,'Kautzerbury'),(100,4,'North Adelefurt');
/*!40000 ALTER TABLE `city` ENABLE KEYS */;
UNLOCK TABLES;

--
-- Table structure for table `communities`
--

DROP TABLE IF EXISTS `communities`;
/*!40101 SET @saved_cs_client     = @@character_set_client */;
/*!50503 SET character_set_client = utf8mb4 */;
CREATE TABLE `communities` (
  `id` int unsigned NOT NULL AUTO_INCREMENT COMMENT 'Идентификатор строки',
  `name` varchar(150) CHARACTER SET utf8 COLLATE utf8_unicode_ci NOT NULL COMMENT 'Название группы',
  `created_at` datetime DEFAULT CURRENT_TIMESTAMP COMMENT 'Время создания строки',
  `updated_at` datetime DEFAULT CURRENT_TIMESTAMP ON UPDATE CURRENT_TIMESTAMP COMMENT 'Время обновления строки',
  PRIMARY KEY (`id`),
  UNIQUE KEY `name` (`name`)
) ENGINE=InnoDB AUTO_INCREMENT=101 DEFAULT CHARSET=utf8 COLLATE=utf8_unicode_ci COMMENT='Группы';
/*!40101 SET character_set_client = @saved_cs_client */;

--
-- Dumping data for table `communities`
--

LOCK TABLES `communities` WRITE;
/*!40000 ALTER TABLE `communities` DISABLE KEYS */;
INSERT INTO `communities` VALUES (1,'voluptate','1998-07-18 12:03:38','2016-10-04 02:53:39'),(2,'temporibus','1979-04-27 07:33:05','1989-11-14 07:19:10'),(3,'enim','1984-02-08 09:24:06','1995-11-14 11:49:40'),(4,'exercitationem','1989-06-08 19:57:22','2016-07-02 08:03:27'),(5,'et','1974-04-21 22:09:46','1980-02-17 17:39:58'),(6,'molestias','1993-05-07 17:34:06','2004-03-01 16:15:48'),(7,'doloremque','1987-09-24 19:38:26','2008-02-20 04:03:46'),(8,'aut','1997-09-06 17:30:46','1998-10-29 09:31:36'),(9,'quibusdam','1977-02-08 19:26:08','1982-01-19 13:06:14'),(10,'optio','1976-01-03 00:44:12','1979-01-04 19:17:00'),(11,'eum','2003-05-04 07:13:42','2006-10-06 06:33:47'),(12,'rerum','1991-08-04 11:27:01','2006-05-02 15:14:50'),(13,'sit','1984-12-16 16:54:54','1984-11-18 21:29:26'),(14,'tenetur','1970-12-10 16:30:29','1997-08-05 02:31:06'),(15,'reiciendis','2007-03-20 06:18:52','1973-09-30 19:33:58'),(16,'a','2005-04-12 16:35:45','1979-05-11 01:17:57'),(17,'ratione','1997-07-29 16:41:03','2015-06-12 22:23:33'),(18,'sint','1978-09-28 07:12:48','1983-10-10 15:48:35'),(19,'quis','2018-03-06 14:53:23','1975-09-06 14:03:51'),(20,'ex','2002-03-27 09:36:43','2001-04-13 13:56:50');
/*!40000 ALTER TABLE `communities` ENABLE KEYS */;
UNLOCK TABLES;

--
-- Table structure for table `communities_users`
--

DROP TABLE IF EXISTS `communities_users`;
/*!40101 SET @saved_cs_client     = @@character_set_client */;
/*!50503 SET character_set_client = utf8mb4 */;
CREATE TABLE `communities_users` (
  `community_id` int unsigned NOT NULL COMMENT 'Ссылка на группу',
  `user_id` int unsigned NOT NULL COMMENT 'Ссылка на пользователя',
  `created_at` datetime DEFAULT CURRENT_TIMESTAMP COMMENT 'Время создания строки',
  PRIMARY KEY (`community_id`,`user_id`) COMMENT 'Составной первичный ключ'
) ENGINE=InnoDB DEFAULT CHARSET=utf8 COLLATE=utf8_unicode_ci COMMENT='Участники групп, связь между пользователями и группами';
/*!40101 SET character_set_client = @saved_cs_client */;

--
-- Dumping data for table `communities_users`
--

LOCK TABLES `communities_users` WRITE;
/*!40000 ALTER TABLE `communities_users` DISABLE KEYS */;
INSERT INTO `communities_users` VALUES (1,10,'1972-11-25 12:15:21'),(1,11,'2011-01-04 13:29:54'),(1,16,'1989-04-11 02:56:17'),(1,35,'1983-09-07 13:24:53'),(1,61,'1997-12-21 19:35:03'),(1,70,'2011-02-15 10:22:37'),(1,99,'2016-01-23 00:00:18'),(2,23,'2004-12-05 21:31:58'),(2,27,'1977-03-06 05:01:19'),(2,34,'2001-02-26 06:14:57'),(2,43,'1981-04-21 18:38:24'),(2,47,'1978-06-22 11:15:17'),(2,68,'1974-01-03 21:43:42'),(3,5,'1984-05-14 22:33:50'),(3,6,'1992-09-03 18:55:25'),(3,28,'2012-03-20 10:11:57'),(3,34,'2010-09-09 21:39:18'),(3,43,'1993-05-05 20:58:03'),(3,49,'2005-01-28 21:54:13'),(3,63,'1989-03-12 07:24:28'),(3,71,'2016-10-10 00:58:05'),(3,72,'2016-09-17 11:08:04'),(3,75,'2003-08-16 14:12:24'),(4,81,'1976-08-23 10:34:20'),(5,1,'2013-10-31 09:03:57'),(5,7,'1981-10-16 19:52:30'),(6,9,'2006-10-27 19:30:53'),(6,28,'1994-05-31 00:20:30'),(6,29,'1989-02-04 22:04:34'),(6,54,'2012-12-14 20:08:01'),(6,56,'1983-08-08 11:23:15'),(6,98,'1975-06-07 05:31:05'),(7,31,'1986-09-19 17:26:45'),(7,43,'2010-03-11 19:55:34'),(7,57,'1998-01-07 20:36:32'),(7,58,'1985-06-14 01:45:19'),(7,62,'1997-05-26 23:33:15'),(7,69,'2019-09-10 09:21:53'),(7,87,'1999-10-18 08:23:03'),(7,90,'2008-07-11 16:40:41'),(8,7,'1984-11-13 08:39:13'),(8,16,'1993-12-17 16:25:30'),(8,34,'2016-08-29 09:44:17'),(8,64,'1992-07-23 05:20:09'),(8,67,'1990-08-18 14:38:14'),(8,71,'1993-02-04 15:27:23'),(9,2,'2002-07-13 12:58:05'),(9,13,'1996-08-13 15:16:02'),(9,31,'1980-04-23 11:04:55'),(9,83,'2008-07-08 04:18:27'),(10,11,'2007-03-07 01:19:50'),(10,77,'2020-06-15 09:28:43'),(10,87,'1994-11-06 01:55:45'),(10,100,'1979-07-23 08:32:27'),(11,58,'1983-10-21 09:09:12'),(11,63,'2001-06-06 21:13:13'),(11,84,'1986-05-23 06:05:12'),(11,95,'1988-12-04 10:25:12'),(12,27,'1982-10-25 04:18:07'),(12,31,'1970-06-01 01:57:46'),(12,35,'2018-11-02 19:36:51'),(12,87,'1997-07-31 15:39:22'),(12,96,'1998-12-22 16:05:50'),(13,6,'1981-04-25 03:00:12'),(13,17,'2015-10-11 07:20:45'),(13,20,'2004-07-28 01:28:56'),(13,25,'2002-01-04 02:44:58'),(13,42,'2004-02-27 00:50:25'),(13,51,'2003-04-09 08:32:22'),(13,83,'1983-08-10 00:06:17'),(13,95,'2020-06-06 13:19:23'),(14,28,'1999-10-10 06:25:01'),(14,42,'2012-02-26 23:06:20'),(14,75,'1983-05-31 18:19:28'),(14,93,'2003-10-22 14:19:53'),(14,98,'1995-08-29 06:16:53'),(15,18,'1973-05-11 16:58:16'),(15,24,'2004-04-09 15:14:20'),(16,4,'1976-09-06 20:30:42'),(16,8,'2012-09-15 10:45:29'),(16,35,'2010-08-19 21:30:19'),(16,72,'2002-08-02 15:43:42'),(16,83,'2018-10-31 04:53:20'),(16,95,'1978-11-21 22:51:48'),(17,21,'1971-04-24 10:09:16'),(17,42,'1981-02-06 08:33:35'),(17,48,'1987-08-14 06:54:56'),(17,98,'1981-03-29 22:09:11'),(17,100,'2019-03-28 22:16:57'),(18,38,'2001-10-12 04:15:52'),(18,84,'1984-01-02 08:20:39'),(19,1,'2005-02-24 18:32:40'),(19,4,'1982-03-09 16:26:19'),(19,28,'1972-05-31 22:54:01'),(19,35,'1979-08-09 22:15:09'),(19,97,'1990-08-27 04:16:31'),(20,6,'1970-11-06 18:31:04'),(20,19,'2017-11-09 14:29:33'),(20,22,'1977-07-10 01:28:42'),(20,51,'1993-04-06 00:11:12');
/*!40000 ALTER TABLE `communities_users` ENABLE KEYS */;
UNLOCK TABLES;

--
-- Table structure for table `countries`
--

DROP TABLE IF EXISTS `countries`;
/*!40101 SET @saved_cs_client     = @@character_set_client */;
/*!50503 SET character_set_client = utf8mb4 */;
CREATE TABLE `countries` (
  `id` int unsigned NOT NULL AUTO_INCREMENT COMMENT 'Идентификатор строки',
  `name` varchar(130) CHARACTER SET utf8 COLLATE utf8_unicode_ci DEFAULT NULL COMMENT 'Название страны',
  PRIMARY KEY (`id`)
) ENGINE=InnoDB AUTO_INCREMENT=102 DEFAULT CHARSET=utf8 COLLATE=utf8_unicode_ci COMMENT='Список стран';
/*!40101 SET character_set_client = @saved_cs_client */;

--
-- Dumping data for table `countries`
--

LOCK TABLES `countries` WRITE;
/*!40000 ALTER TABLE `countries` DISABLE KEYS */;
INSERT INTO `countries` VALUES (1,'Oman'),(2,'Saint Barthelemy'),(3,'Austria'),(4,'Holy See (Vatican City State)'),(5,'Venezuela'),(6,'Tunisia'),(7,'Rwanda'),(8,'Bhutan'),(9,'Costa Rica'),(10,'Vietnam'),(11,'Belize'),(12,'Palau'),(13,'Cape Verde'),(14,'United States Virgin Islands'),(15,'Hong Kong'),(16,'Puerto Rico'),(17,'Mongolia'),(18,'Philippines'),(19,'Saint Vincent and the Grenadines'),(20,'Georgia'),(21,'Peru'),(22,'Macedonia'),(23,'French Southern Territories'),(24,'Cameroon'),(25,'Monaco'),(26,'Ecuador'),(27,'Antarctica (the territory South of 60 deg S)'),(28,'Ukraine'),(29,'Pakistan'),(30,'American Samoa'),(31,'South Africa'),(32,'Northern Mariana Islands'),(33,'Heard Island and McDonald Islands'),(34,'Comoros'),(35,'British Indian Ocean Territory (Chagos Archipelago)'),(36,'Macao'),(37,'India'),(38,'Greenland'),(39,'Jordan'),(40,'Kiribati'),(41,'Malaysia'),(42,'United States of America'),(43,'Bouvet Island (Bouvetoya)'),(44,'Botswana'),(45,'Malawi'),(46,'Samoa'),(47,'Kazakhstan'),(48,'Argentina'),(49,'Afghanistan'),(50,'Norway'),(51,'Zambia'),(52,'Armenia'),(53,'Papua New Guinea'),(54,'Saint Lucia'),(55,'Jersey'),(56,'Brunei Darussalam'),(57,'French Polynesia'),(58,'Cayman Islands'),(59,'Mauritius'),(60,'Chile'),(61,'Kenya'),(62,'Korea'),(63,'Canada'),(64,'Dominica'),(65,'Croatia'),(66,'Namibia'),(67,'New Zealand'),(68,'Lao People\'s Democratic Republic'),(69,'Solomon Islands'),(70,'United States Minor Outlying Islands'),(71,'Indonesia'),(72,'Guyana'),(73,'Portugal'),(74,'China'),(75,'Palestinian Territory'),(76,'Ireland'),(77,'Turkey'),(78,'Gibraltar'),(79,'Niue'),(80,'Benin'),(81,'Swaziland'),(82,'Marshall Islands'),(83,'Uruguay'),(84,'Faroe Islands'),(85,'Lesotho'),(86,'Guadeloupe'),(87,'Cote d\'Ivoire'),(88,'Hungary'),(89,'Slovakia (Slovak Republic)'),(90,'Switzerland'),(91,'Syrian Arab Republic'),(92,'Romania'),(93,'Svalbard & Jan Mayen Islands'),(94,'Greece'),(95,'United Arab Emirates'),(96,'Reunion'),(97,'Gambia'),(98,'Sierra Leone'),(99,'Brazil'),(100,'Nicaragua'),(101,'Cook Islands');
/*!40000 ALTER TABLE `countries` ENABLE KEYS */;
UNLOCK TABLES;

--
-- Table structure for table `friendship`
--

DROP TABLE IF EXISTS `friendship`;
/*!40101 SET @saved_cs_client     = @@character_set_client */;
/*!50503 SET character_set_client = utf8mb4 */;
CREATE TABLE `friendship` (
  `user_id` int unsigned NOT NULL COMMENT 'Ссылка на инициатора дружеских отношений',
  `friend_id` int unsigned NOT NULL COMMENT 'Ссылка на получателя приглашения дружить',
  `status_id` int unsigned NOT NULL COMMENT 'Ссылка на статус (текущее состояние) отношений',
  `requested_at` datetime DEFAULT CURRENT_TIMESTAMP COMMENT 'Время отправления приглашения дружить',
  `confirmed_at` datetime DEFAULT NULL COMMENT 'Время подтверждения приглашения',
  `created_at` datetime DEFAULT CURRENT_TIMESTAMP COMMENT 'Время создания строки',
  `updated_at` datetime DEFAULT CURRENT_TIMESTAMP ON UPDATE CURRENT_TIMESTAMP COMMENT 'Время обновления строки',
  PRIMARY KEY (`user_id`,`friend_id`) COMMENT 'Составной первичный ключ'
) ENGINE=InnoDB DEFAULT CHARSET=utf8 COLLATE=utf8_unicode_ci COMMENT='Таблица дружбы';
/*!40101 SET character_set_client = @saved_cs_client */;

--
-- Dumping data for table `friendship`
--

LOCK TABLES `friendship` WRITE;
/*!40000 ALTER TABLE `friendship` DISABLE KEYS */;
INSERT INTO `friendship` VALUES (1,34,2,'1994-01-08 02:29:40','1990-05-02 23:08:27','1998-09-21 23:06:41','2020-11-26 22:59:38'),(1,61,1,'1998-08-27 12:41:16','1985-07-19 10:06:44','1975-03-28 16:55:16','2020-11-26 22:59:38'),(2,34,2,'1991-03-27 17:47:40','1991-03-29 11:10:02','1994-05-18 01:35:27','2020-11-26 22:59:38'),(3,3,1,'1982-11-28 20:31:19','1977-11-18 07:48:30','2015-07-26 18:55:06','2020-11-26 22:59:38'),(5,3,3,'2019-11-17 08:07:51','1973-08-24 15:43:03','1987-12-27 02:31:49','2020-11-26 22:59:38'),(5,20,3,'2010-09-19 01:23:22','2009-07-01 08:35:05','2003-05-13 16:13:04','2020-11-26 22:59:38'),(5,63,3,'1979-04-27 18:14:56','1978-12-12 14:13:28','2019-01-26 21:01:07','2020-11-26 22:59:38'),(6,29,1,'2015-02-18 16:36:22','1974-05-18 13:42:48','1982-11-13 14:11:43','2020-11-26 22:59:38'),(6,63,3,'2008-03-03 20:59:52','1999-09-20 14:16:18','1980-05-19 23:48:44','2020-11-26 22:59:38'),(8,2,3,'2009-10-10 23:21:51','2009-03-07 11:31:10','1991-05-31 21:39:18','2020-11-26 22:59:38'),(8,4,3,'1973-06-19 23:42:30','1977-04-09 07:09:11','1993-11-27 15:50:16','2020-11-26 22:59:38'),(9,14,2,'2007-06-26 06:15:11','2002-08-13 11:44:28','2013-11-30 18:50:27','2020-11-26 22:59:38'),(9,41,3,'2003-12-26 20:34:13','2009-11-19 05:22:31','1990-12-12 06:19:21','2020-11-26 22:59:38'),(13,77,2,'1990-03-30 01:39:06','1991-08-06 18:24:50','1984-01-05 01:28:47','2020-11-26 22:59:38'),(14,9,1,'1998-12-09 14:55:00','1987-06-19 15:44:24','2015-05-13 00:23:00','2020-11-26 22:59:38'),(16,38,2,'1997-02-14 09:18:45','1976-09-30 11:31:28','1977-09-14 15:39:44','2020-11-26 22:59:38'),(16,51,1,'1988-07-11 13:14:26','2002-01-05 11:09:13','2007-08-07 00:54:02','2020-11-26 22:59:38'),(16,95,1,'2015-07-29 16:29:11','1986-02-17 04:20:41','1977-10-13 13:04:35','2020-11-26 22:59:38'),(17,99,2,'1974-08-24 08:14:26','2002-07-02 20:50:02','1998-08-07 05:35:52','2020-11-26 22:59:38'),(21,61,2,'2000-10-28 02:53:45','1997-04-25 17:54:57','1975-06-12 22:02:48','2020-11-26 22:59:38'),(22,89,3,'2011-11-14 07:32:22','2018-06-12 03:23:24','1999-07-02 02:11:13','2020-11-26 22:59:38'),(24,73,3,'1977-12-07 16:54:24','1997-10-13 05:18:08','1984-04-26 16:59:09','2020-11-26 22:59:38'),(26,47,2,'1984-10-16 18:32:12','1987-08-29 14:10:21','2007-06-19 03:43:25','2020-11-26 22:59:38'),(27,7,2,'2005-01-04 15:13:47','2016-02-12 05:13:59','1992-08-28 11:42:01','2020-11-26 22:59:38'),(27,60,1,'1971-04-05 19:51:03','1979-08-11 17:50:17','1993-06-05 02:29:11','2020-11-26 22:59:38'),(27,73,3,'1976-01-26 16:08:05','1985-02-07 17:21:04','1997-12-23 08:48:55','2020-11-26 22:59:38'),(28,74,3,'2003-03-11 18:53:00','2015-10-23 15:25:12','1978-09-15 20:23:12','2020-11-26 22:59:38'),(29,7,2,'1973-04-15 14:15:55','1981-03-25 09:58:53','1979-05-24 03:00:55','2020-11-26 22:59:38'),(30,51,2,'2009-12-24 23:32:39','2020-02-25 17:16:38','1990-09-24 07:15:04','2020-11-26 22:59:38'),(31,16,3,'2019-12-01 10:35:42','2002-03-18 22:34:53','2020-07-01 19:23:33','2020-11-26 22:59:38'),(31,96,3,'1971-05-11 02:18:09','2018-12-29 22:25:58','1973-09-01 00:35:13','2020-11-26 22:59:38'),(32,50,2,'1986-01-27 07:39:53','2006-05-10 03:31:26','1979-02-06 18:00:27','2020-11-26 22:59:38'),(32,92,2,'1978-10-29 16:24:38','1977-09-11 18:28:27','1990-10-23 20:54:23','2020-11-26 22:59:38'),(34,94,3,'2011-04-25 20:39:17','2002-10-26 23:20:36','1989-09-10 18:51:23','2020-11-26 22:59:38'),(35,62,1,'2004-11-25 14:36:57','1972-07-08 15:31:10','1995-01-26 09:32:38','2020-11-26 22:59:38'),(35,86,1,'1984-06-15 15:26:59','2002-11-29 03:47:15','1975-04-18 17:20:44','2020-11-26 22:59:38'),(36,86,1,'2000-04-27 02:32:29','1993-05-17 02:14:42','2018-04-28 20:22:36','2020-11-26 22:59:38'),(36,93,2,'1973-08-05 12:32:47','2005-08-09 01:42:26','2003-03-23 08:05:11','2020-11-26 22:59:38'),(37,11,2,'2005-08-10 17:20:29','1977-12-07 21:07:14','2015-09-17 14:13:30','2020-11-26 22:59:38'),(37,36,3,'2005-06-12 16:48:02','1973-10-20 17:45:26','1978-09-14 01:52:55','2020-11-26 22:59:38'),(38,21,3,'1998-12-10 01:56:38','1991-11-06 13:33:23','2016-02-05 00:41:34','2020-11-26 22:59:38'),(39,17,3,'1997-03-27 23:52:26','1980-09-06 11:25:05','2008-05-15 02:22:15','2020-11-26 22:59:38'),(39,71,2,'2020-02-14 01:37:54','1998-07-28 08:49:13','1974-03-21 21:27:39','2020-11-26 22:59:38'),(40,40,3,'2018-08-22 00:31:27','1996-06-19 01:27:20','2018-07-11 09:37:56','2020-11-26 22:59:38'),(41,89,1,'1971-07-25 01:17:32','1977-01-04 08:28:36','1972-04-26 14:02:35','2020-11-26 22:59:38'),(42,61,3,'2000-04-24 04:45:05','2020-03-12 12:26:40','1974-04-28 19:05:08','2020-11-26 22:59:38'),(44,48,1,'1991-03-20 02:10:41','1977-09-16 17:49:26','2004-06-21 11:41:25','2020-11-26 22:59:38'),(45,64,3,'2002-02-08 20:00:48','1980-09-14 09:12:15','1982-04-06 13:01:41','2020-11-26 22:59:38'),(46,18,2,'2010-05-12 17:29:58','1970-04-17 17:23:27','2004-06-12 19:54:43','2020-11-26 22:59:38'),(47,42,2,'1982-09-16 23:35:51','2020-10-23 16:30:32','2009-08-18 04:27:10','2020-11-26 22:59:38'),(47,72,1,'1992-05-17 11:27:14','1994-08-29 18:25:47','1976-10-06 09:06:55','2020-11-26 22:59:38'),(47,74,1,'1998-11-29 03:19:01','1978-01-26 13:06:41','1985-10-08 03:17:48','2020-11-26 22:59:38'),(51,11,1,'1978-04-27 07:22:21','1972-09-04 21:49:51','1987-08-06 20:18:46','2020-11-26 22:59:38'),(52,13,1,'2002-06-19 10:31:13','1971-08-16 00:50:31','2015-01-28 12:57:12','2020-11-26 22:59:38'),(53,28,3,'2013-10-01 08:01:22','1977-06-13 20:22:45','2016-06-02 07:36:40','2020-11-26 22:59:38'),(53,48,3,'1979-02-16 19:53:49','1993-10-06 09:02:54','1996-04-19 04:54:32','2020-11-26 22:59:38'),(59,9,2,'1984-03-12 16:35:29','2000-07-18 09:33:40','1971-08-17 01:25:16','2020-11-26 22:59:38'),(60,29,2,'2016-07-31 00:40:05','1991-04-22 01:54:26','2009-09-30 19:32:24','2020-11-26 22:59:38'),(60,57,1,'2013-07-18 09:09:46','2001-12-25 12:47:50','2014-03-05 23:11:29','2020-11-26 22:59:38'),(61,9,2,'2016-09-03 14:10:09','1992-09-26 21:50:25','2000-06-28 05:57:08','2020-11-26 22:59:38'),(61,72,3,'1980-07-23 21:51:11','1970-03-31 09:27:49','1981-09-08 12:17:18','2020-11-26 22:59:38'),(64,66,2,'1996-07-05 19:40:18','2012-03-31 08:35:41','1987-03-18 10:59:37','2020-11-26 22:59:38'),(65,89,2,'2001-07-20 19:28:41','1977-07-18 14:06:04','1984-11-06 21:45:29','2020-11-26 22:59:38'),(67,5,1,'1971-11-02 16:01:43','1988-09-20 20:24:44','2007-04-13 14:45:04','2020-11-26 22:59:38'),(68,93,2,'2011-06-20 20:18:05','2000-05-25 03:52:44','1993-01-06 03:29:34','2020-11-26 22:59:38'),(69,31,2,'2001-06-08 23:01:06','2018-02-16 01:59:41','1989-01-01 16:47:30','2020-11-26 22:59:38'),(71,8,1,'1994-10-13 02:20:34','1989-02-26 06:23:45','2001-12-20 10:10:05','2020-11-26 22:59:38'),(73,68,1,'2003-10-19 08:57:31','1994-07-23 00:53:30','2001-11-30 02:54:37','2020-11-26 22:59:38'),(74,56,2,'2014-05-03 22:06:59','1973-06-09 18:33:02','1977-07-15 17:21:40','2020-11-26 22:59:38'),(74,78,3,'2006-10-06 12:49:48','1993-08-04 12:32:41','2016-11-30 03:40:21','2020-11-26 22:59:38'),(77,36,2,'1972-01-23 04:40:44','2012-06-17 13:34:06','2016-04-20 22:51:45','2020-11-26 22:59:38'),(77,45,3,'2014-08-07 07:14:23','1992-10-31 08:51:36','1991-11-17 14:05:42','2020-11-26 22:59:38'),(77,88,1,'1978-11-30 14:55:21','2002-08-19 14:48:54','2008-01-04 02:14:02','2020-11-26 22:59:38'),(78,33,1,'2006-09-08 06:27:31','1972-02-12 12:41:46','1995-09-16 04:54:05','2020-11-26 22:59:38'),(78,50,1,'1974-10-05 03:33:33','2012-03-23 01:57:02','1982-03-27 22:03:00','2020-11-26 22:59:38'),(78,57,2,'1982-11-20 13:07:19','2019-03-23 17:53:26','1993-12-28 02:15:02','2020-11-26 22:59:38'),(78,96,2,'1986-05-10 12:03:15','2017-04-15 07:33:09','1991-05-05 18:12:18','2020-11-26 22:59:38'),(79,28,1,'1986-11-30 19:25:32','2014-10-09 20:33:02','1984-05-09 23:00:09','2020-11-26 22:59:38'),(79,56,2,'1987-08-27 20:33:40','1996-11-14 19:45:28','2001-07-24 10:30:35','2020-11-26 22:59:38'),(79,86,3,'2011-02-17 14:18:30','1988-06-25 18:03:18','2001-11-03 13:51:07','2020-11-26 22:59:38'),(81,18,2,'1991-11-29 04:17:44','1990-06-15 02:22:10','1986-09-04 09:39:33','2020-11-26 22:59:38'),(83,83,2,'1977-07-06 03:08:49','1971-12-06 12:28:40','2017-04-22 16:30:50','2020-11-26 22:59:38'),(85,96,1,'1983-02-15 17:16:43','1983-04-22 05:14:28','1982-11-14 03:36:58','2020-11-26 22:59:38'),(86,21,2,'2006-12-18 17:57:24','2002-07-13 17:19:03','2018-05-30 08:28:29','2020-11-26 22:59:38'),(86,100,2,'1976-04-08 13:39:28','1999-11-01 14:36:11','1991-03-23 16:47:09','2020-11-26 22:59:38'),(87,70,3,'1974-12-13 06:29:04','1971-10-12 17:34:36','2009-04-30 03:51:11','2020-11-26 22:59:38'),(90,3,2,'1981-10-25 03:52:20','2003-07-24 22:35:40','2008-10-20 05:16:16','2020-11-26 22:59:38'),(91,92,3,'2013-01-05 17:42:08','2011-06-07 02:38:04','2017-10-29 11:39:19','2020-11-26 22:59:38'),(93,15,3,'1973-12-21 00:23:18','2011-11-03 03:54:07','2018-11-05 09:11:14','2020-11-26 22:59:38'),(93,40,1,'1993-12-14 08:29:32','1994-07-29 14:54:29','1976-06-26 14:15:18','2020-11-26 22:59:38'),(93,50,3,'2017-08-22 20:09:18','1996-07-27 12:59:46','1996-04-02 06:41:10','2020-11-26 22:59:38'),(95,3,1,'2000-09-18 07:35:37','1980-02-15 12:12:57','1988-01-23 18:05:02','2020-11-26 22:59:38'),(95,48,2,'2013-08-09 00:09:35','1999-07-25 14:05:40','1997-10-14 08:56:01','2020-11-26 22:59:38'),(95,66,2,'2015-08-17 01:58:52','2009-02-12 21:15:08','1975-10-23 17:55:04','2020-11-26 22:59:38'),(96,13,3,'2020-06-10 14:35:43','2015-05-14 12:12:33','1984-10-31 07:23:01','2020-11-26 22:59:38'),(97,34,3,'2000-08-01 05:31:54','2012-11-28 16:11:48','1978-09-22 16:14:49','2020-11-26 22:59:38'),(98,96,3,'1998-12-26 13:00:43','1998-09-30 23:27:18','1980-06-07 12:52:44','2020-11-26 22:59:38'),(99,2,1,'2009-05-18 00:46:46','1993-06-25 21:55:16','1972-04-15 07:00:29','2020-11-26 22:59:38'),(100,52,2,'1995-04-02 05:54:08','2001-07-08 01:39:21','1987-07-18 19:17:41','2020-11-26 22:59:38'),(100,76,3,'1992-12-09 20:03:48','1982-07-02 13:46:46','2017-02-05 15:16:43','2020-11-26 22:59:38');
/*!40000 ALTER TABLE `friendship` ENABLE KEYS */;
UNLOCK TABLES;

--
-- Table structure for table `friendship_statuses`
--

DROP TABLE IF EXISTS `friendship_statuses`;
/*!40101 SET @saved_cs_client     = @@character_set_client */;
/*!50503 SET character_set_client = utf8mb4 */;
CREATE TABLE `friendship_statuses` (
  `id` int unsigned NOT NULL AUTO_INCREMENT COMMENT 'Идентификатор строки',
  `name` varchar(150) CHARACTER SET utf8 COLLATE utf8_unicode_ci NOT NULL COMMENT 'Название статуса',
  `created_at` datetime DEFAULT CURRENT_TIMESTAMP COMMENT 'Время создания строки',
  `updated_at` datetime DEFAULT CURRENT_TIMESTAMP ON UPDATE CURRENT_TIMESTAMP COMMENT 'Время обновления строки',
  PRIMARY KEY (`id`),
  UNIQUE KEY `name` (`name`)
) ENGINE=InnoDB AUTO_INCREMENT=4 DEFAULT CHARSET=utf8 COLLATE=utf8_unicode_ci COMMENT='Статусы дружбы';
/*!40101 SET character_set_client = @saved_cs_client */;

--
-- Dumping data for table `friendship_statuses`
--

LOCK TABLES `friendship_statuses` WRITE;
/*!40000 ALTER TABLE `friendship_statuses` DISABLE KEYS */;
INSERT INTO `friendship_statuses` VALUES (1,'confirmed','2020-11-26 22:56:30','2020-11-26 22:56:30'),(2,'requested','2020-11-26 22:56:30','2020-11-26 22:56:30'),(3,'rejected','2020-11-26 22:56:30','2020-11-26 22:56:30');
/*!40000 ALTER TABLE `friendship_statuses` ENABLE KEYS */;
UNLOCK TABLES;

--
-- Table structure for table `group_chats`
--

DROP TABLE IF EXISTS `group_chats`;
/*!40101 SET @saved_cs_client     = @@character_set_client */;
/*!50503 SET character_set_client = utf8mb4 */;
CREATE TABLE `group_chats` (
  `id` int unsigned NOT NULL AUTO_INCREMENT COMMENT 'Идентификатор строки',
  `name` varchar(150) CHARACTER SET utf8 COLLATE utf8_unicode_ci NOT NULL COMMENT 'Название чата',
  `created_at` datetime DEFAULT CURRENT_TIMESTAMP COMMENT 'Время создания строки',
  `updated_at` datetime DEFAULT CURRENT_TIMESTAMP ON UPDATE CURRENT_TIMESTAMP COMMENT 'Время обновления строки',
  PRIMARY KEY (`id`)
) ENGINE=InnoDB AUTO_INCREMENT=101 DEFAULT CHARSET=utf8 COLLATE=utf8_unicode_ci COMMENT='Групповые чаты';
/*!40101 SET character_set_client = @saved_cs_client */;

--
-- Dumping data for table `group_chats`
--

LOCK TABLES `group_chats` WRITE;
/*!40000 ALTER TABLE `group_chats` DISABLE KEYS */;
INSERT INTO `group_chats` VALUES (1,'temporibus','2002-04-14 11:18:27','1987-07-12 22:33:35'),(2,'sequi','1984-10-21 08:54:48','2006-10-03 15:27:03'),(3,'possimus','2004-04-27 16:29:41','1991-10-11 14:42:56'),(4,'magnam','2013-07-09 01:28:14','1997-02-26 09:43:59'),(5,'veniam','1975-11-05 15:15:04','1999-11-11 17:41:00'),(6,'qui','2008-02-09 21:18:04','1982-07-18 10:53:20'),(7,'omnis','1996-11-30 16:29:26','2001-06-21 05:42:39'),(8,'architecto','1986-07-03 11:46:27','2017-02-14 00:11:54'),(9,'modi','1982-01-10 13:17:57','2006-05-12 20:19:15'),(10,'maxime','1985-04-23 12:03:53','1984-12-17 11:27:03'),(11,'mollitia','2019-06-25 00:03:39','1971-07-29 21:45:49'),(12,'veniam','1977-02-16 05:23:38','1997-11-23 06:09:23'),(13,'et','2009-01-08 20:07:04','1979-09-03 03:26:32'),(14,'voluptates','2007-02-02 20:32:27','1973-07-26 18:18:20'),(15,'ut','1982-07-18 13:11:26','2000-04-13 11:58:10'),(16,'eos','1991-03-21 15:10:58','2000-02-09 05:57:07'),(17,'eius','1987-02-14 06:26:15','1989-06-01 18:01:56'),(18,'dolores','1994-03-23 18:37:16','1999-10-20 20:17:30'),(19,'ut','1981-03-27 04:51:32','1980-08-25 14:06:35'),(20,'accusamus','2007-12-15 09:33:43','2007-12-14 20:01:37'),(21,'animi','2016-01-29 15:05:43','1996-07-03 23:53:51'),(22,'sed','1997-05-05 13:46:53','1979-03-23 05:57:13'),(23,'accusamus','1985-09-12 19:08:49','2016-03-29 05:23:27'),(24,'et','1986-08-21 08:11:05','1977-07-05 23:21:44'),(25,'recusandae','2001-02-25 00:37:37','1994-07-29 00:38:01'),(26,'et','2007-04-17 18:52:53','1972-01-04 03:22:34'),(27,'aut','1987-12-23 21:03:27','2019-03-11 19:43:37'),(28,'ut','1988-06-17 03:23:15','1998-08-18 03:08:01'),(29,'occaecati','2010-12-18 21:14:41','1975-01-16 03:13:44'),(30,'harum','1995-07-30 15:05:28','1995-01-04 09:32:01'),(31,'beatae','2007-07-04 14:51:29','2004-10-05 01:30:55'),(32,'excepturi','2012-09-30 18:25:46','2017-08-23 04:42:34'),(33,'veritatis','2007-09-10 17:50:51','1972-02-09 10:55:00'),(34,'in','2001-12-09 03:10:24','2005-05-06 22:13:55'),(35,'culpa','1991-01-31 02:01:55','1986-03-07 20:43:34'),(36,'ut','2014-04-08 17:02:35','1980-08-17 20:20:07'),(37,'magnam','1996-02-13 11:51:49','1996-12-28 15:25:11'),(38,'delectus','1971-04-01 20:11:32','1988-07-10 20:06:57'),(39,'illum','1978-08-20 11:19:54','1987-06-24 05:02:02'),(40,'aliquid','2002-05-30 12:11:07','2016-05-15 16:58:06'),(41,'ut','1991-05-02 23:48:09','1988-04-28 17:35:01'),(42,'et','1983-07-06 11:38:52','1972-09-19 20:16:30'),(43,'est','1998-07-25 16:46:28','2019-01-23 08:16:53'),(44,'qui','1972-10-14 08:10:38','1996-07-10 17:07:01'),(45,'voluptas','1975-05-03 17:34:42','2000-06-26 20:54:43'),(46,'esse','2017-12-01 04:00:14','1988-06-05 01:45:29'),(47,'autem','2016-03-23 02:44:16','1989-12-28 00:37:11'),(48,'quia','1994-03-02 07:01:29','2018-02-18 21:11:05'),(49,'distinctio','2000-07-09 06:54:03','1987-05-23 23:00:20'),(50,'nulla','1987-12-17 03:49:33','2003-07-10 19:24:31'),(51,'earum','1977-03-03 10:07:03','1993-07-23 16:04:36'),(52,'corporis','1981-12-02 16:07:16','1994-03-24 09:58:47'),(53,'expedita','2006-04-02 09:58:27','2000-06-12 18:38:57'),(54,'perspiciatis','1989-03-20 07:18:02','1979-01-03 13:03:48'),(55,'molestiae','1975-04-04 12:40:38','2006-09-26 17:45:32'),(56,'nisi','1990-11-12 09:17:06','2012-04-19 23:30:18'),(57,'molestiae','1971-05-16 15:36:43','1996-03-14 16:16:37'),(58,'sed','1991-03-10 10:13:41','1983-07-20 15:18:02'),(59,'quam','2006-11-28 05:08:35','2004-02-19 00:23:57'),(60,'distinctio','1975-06-24 14:16:20','2002-04-17 23:49:00'),(61,'accusantium','2018-10-29 14:10:51','2011-06-14 12:37:54'),(62,'asperiores','1989-08-08 14:33:42','1974-03-05 04:51:33'),(63,'et','1983-10-18 01:03:28','1974-10-06 04:05:38'),(64,'non','1989-08-16 19:41:30','2018-04-13 00:35:00'),(65,'optio','1988-02-08 01:41:50','1985-04-16 09:14:33'),(66,'aperiam','1978-03-01 07:01:47','2016-10-07 11:38:59'),(67,'sunt','2017-02-10 20:06:43','1975-02-10 18:29:17'),(68,'voluptas','1980-08-31 21:40:47','1981-06-13 20:08:47'),(69,'reiciendis','1997-07-26 01:24:42','1978-03-13 12:03:09'),(70,'iusto','2014-06-16 07:55:45','2015-08-06 21:37:42'),(71,'vitae','2015-12-05 14:34:11','2013-04-17 10:30:24'),(72,'tenetur','2009-09-09 00:18:14','1991-10-05 09:15:17'),(73,'officiis','1971-02-11 06:08:53','1978-07-21 18:28:07'),(74,'ullam','2007-05-17 12:23:05','1987-04-02 16:14:27'),(75,'ipsum','1998-10-27 04:17:22','2018-11-04 01:42:29'),(76,'et','2001-09-23 19:26:57','1983-08-10 11:24:53'),(77,'nam','2018-01-11 20:12:03','1991-01-17 08:35:34'),(78,'accusamus','1971-02-17 09:52:07','2003-07-08 09:43:18'),(79,'pariatur','1991-09-22 07:34:37','2005-05-03 06:27:07'),(80,'est','2017-11-22 23:02:25','1998-08-21 23:00:14'),(81,'id','1970-07-11 02:29:25','2019-01-24 08:00:33'),(82,'nobis','2000-10-15 23:55:50','1993-10-23 02:42:44'),(83,'sed','1979-02-09 19:58:53','2011-06-27 13:19:14'),(84,'error','1985-01-07 13:15:34','1986-12-20 15:17:14'),(85,'in','1998-02-02 16:15:48','2002-12-18 17:20:49'),(86,'unde','1986-05-16 02:00:41','2002-07-29 04:50:06'),(87,'ea','2008-06-10 13:33:04','2010-04-03 13:55:01'),(88,'est','2009-06-15 13:28:23','1973-12-10 06:54:58'),(89,'voluptates','1973-05-12 06:07:19','1994-08-05 15:20:41'),(90,'reiciendis','1987-01-11 06:34:45','1981-09-06 07:03:26'),(91,'autem','1981-06-29 06:09:21','2008-05-05 18:58:31'),(92,'qui','2000-05-22 18:15:18','1992-10-26 19:47:52'),(93,'voluptatem','1972-12-14 01:47:39','1982-07-20 15:28:51'),(94,'mollitia','1998-06-23 06:27:47','1979-09-12 05:49:05'),(95,'tempora','2012-11-19 16:08:16','2000-09-01 00:23:44'),(96,'odit','1999-04-20 10:16:29','1983-11-02 16:38:30'),(97,'quam','1974-03-22 12:56:34','2015-03-05 20:57:07'),(98,'in','2003-04-25 07:41:00','1978-09-29 18:49:12'),(99,'cupiditate','1971-12-03 03:03:31','2018-03-21 20:43:04'),(100,'dolor','1984-02-02 22:13:52','1971-07-09 20:14:06');
/*!40000 ALTER TABLE `group_chats` ENABLE KEYS */;
UNLOCK TABLES;

--
-- Table structure for table `group_chats_users`
--

DROP TABLE IF EXISTS `group_chats_users`;
/*!40101 SET @saved_cs_client     = @@character_set_client */;
/*!50503 SET character_set_client = utf8mb4 */;
CREATE TABLE `group_chats_users` (
  `group_chat_id` int unsigned NOT NULL COMMENT 'Ссылка на группу',
  `user_id` int unsigned NOT NULL COMMENT 'Ссылка на пользователя',
  `created_at` datetime DEFAULT CURRENT_TIMESTAMP COMMENT 'Время создания строки',
  PRIMARY KEY (`group_chat_id`,`user_id`) COMMENT 'Составной первичный ключ'
) ENGINE=InnoDB DEFAULT CHARSET=utf8 COLLATE=utf8_unicode_ci COMMENT='Связь между пользователями и групповыми чатами';
/*!40101 SET character_set_client = @saved_cs_client */;

--
-- Dumping data for table `group_chats_users`
--

LOCK TABLES `group_chats_users` WRITE;
/*!40000 ALTER TABLE `group_chats_users` DISABLE KEYS */;
INSERT INTO `group_chats_users` VALUES (1,1,'1990-05-06 05:05:46'),(2,2,'1980-03-16 10:18:25'),(3,3,'2002-07-23 03:54:31'),(4,4,'2020-08-20 19:07:38'),(5,5,'2015-04-14 14:30:15'),(6,6,'1994-01-14 05:40:30'),(7,7,'2004-11-24 18:29:08'),(8,8,'2020-07-10 12:17:26'),(9,9,'2014-08-24 01:57:19'),(10,10,'1979-08-30 10:46:08'),(11,11,'1988-09-18 03:47:55'),(12,12,'1998-01-02 03:19:01'),(13,13,'1974-03-29 23:15:31'),(14,14,'1999-11-19 22:41:24'),(15,15,'2000-03-27 22:50:54'),(16,16,'1998-01-21 14:18:45'),(17,17,'1999-07-15 16:18:45'),(18,18,'1973-03-15 03:25:34'),(19,19,'2020-08-21 11:29:01'),(20,20,'2010-04-18 22:32:39'),(21,21,'1977-11-25 16:00:37'),(22,22,'2009-10-16 19:07:59'),(23,23,'2004-08-11 22:55:09'),(24,24,'2000-10-22 09:50:40'),(25,25,'1983-02-22 10:24:31'),(26,26,'1978-09-10 11:38:01'),(27,27,'1980-04-04 03:39:37'),(28,28,'2005-01-08 19:50:49'),(29,29,'2011-05-31 04:00:59'),(30,30,'1985-10-17 20:40:55'),(31,31,'1994-01-05 21:06:23'),(32,32,'1991-09-17 09:08:22'),(33,33,'1976-07-31 22:07:23'),(34,34,'2012-12-19 17:32:10'),(35,35,'2008-02-24 20:16:01'),(36,36,'1996-05-11 12:17:47'),(37,37,'1991-04-03 06:48:34'),(38,38,'2007-11-23 08:15:41'),(39,39,'1978-09-10 19:28:27'),(40,40,'2009-05-12 17:21:23'),(41,41,'1978-03-04 07:16:43'),(42,42,'2015-08-01 11:37:15'),(43,43,'1979-10-31 14:57:36'),(44,44,'1999-04-06 01:07:20'),(45,45,'2014-08-07 12:01:45'),(46,46,'2004-09-18 04:35:16'),(47,47,'1978-10-18 07:45:24'),(48,48,'2007-06-20 10:06:53'),(49,49,'1970-07-27 16:37:38'),(50,50,'1989-07-19 13:23:46'),(51,51,'2016-01-12 23:55:51'),(52,52,'1994-04-27 23:54:17'),(53,53,'1980-05-24 20:38:58'),(54,54,'1980-07-11 02:19:38'),(55,55,'1980-05-17 21:23:41'),(56,56,'1992-01-19 23:38:07'),(57,57,'1989-09-22 04:57:43'),(58,58,'2004-10-09 04:20:14'),(59,59,'1978-11-02 23:24:35'),(60,60,'1984-06-30 12:40:54'),(61,61,'2018-04-20 10:54:14'),(62,62,'1989-04-08 12:27:59'),(63,63,'1976-09-29 07:11:53'),(64,64,'1977-08-05 21:41:28'),(65,65,'1975-03-17 19:20:47'),(66,66,'2001-06-24 12:46:49'),(67,67,'1998-12-18 08:16:20'),(68,68,'2019-07-09 11:10:25'),(69,69,'2005-04-20 15:00:04'),(70,70,'1984-01-03 13:07:36'),(71,71,'1994-05-01 11:38:13'),(72,72,'1976-09-10 05:29:37'),(73,73,'1980-03-31 04:30:14'),(74,74,'1996-06-02 12:43:11'),(75,75,'2008-06-10 16:13:55'),(76,76,'1996-09-29 15:26:11'),(77,77,'2017-11-30 17:57:00'),(78,78,'2005-06-24 20:11:23'),(79,79,'2003-03-13 04:40:40'),(80,80,'1988-03-12 05:36:02'),(81,81,'1990-12-18 12:42:26'),(82,82,'1977-12-08 08:51:57'),(83,83,'1980-05-26 11:06:51'),(84,84,'1975-11-08 10:58:18'),(85,85,'2009-12-01 10:33:13'),(86,86,'2007-06-25 12:52:26'),(87,87,'2006-05-24 20:39:45'),(88,88,'1975-12-28 03:23:36'),(89,89,'2000-12-31 22:38:05'),(90,90,'1982-01-15 21:06:14'),(91,91,'1978-03-13 17:32:50'),(92,92,'2019-08-13 23:11:19'),(93,93,'2003-03-17 14:05:45'),(94,94,'1996-09-15 14:38:58'),(95,95,'1989-04-30 12:31:57'),(96,96,'1983-06-20 10:08:31'),(97,97,'2007-06-08 17:58:25'),(98,98,'1989-02-17 13:13:59'),(99,99,'1986-02-09 16:40:12'),(100,100,'2010-01-30 09:19:46');
/*!40000 ALTER TABLE `group_chats_users` ENABLE KEYS */;
UNLOCK TABLES;

--
-- Table structure for table `liked_media`
--

DROP TABLE IF EXISTS `liked_media`;
/*!40101 SET @saved_cs_client     = @@character_set_client */;
/*!50503 SET character_set_client = utf8mb4 */;
CREATE TABLE `liked_media` (
  `media_id` int unsigned NOT NULL COMMENT 'Ссылка на публикацию',
  `user_id` int unsigned NOT NULL COMMENT 'Ссылка на пользователя',
  `created_at` datetime DEFAULT CURRENT_TIMESTAMP COMMENT 'Время создания строки',
  PRIMARY KEY (`media_id`,`user_id`) COMMENT 'Составной первичный ключ'
) ENGINE=InnoDB DEFAULT CHARSET=utf8 COLLATE=utf8_unicode_ci COMMENT='Связь между пользователями и медиафайлами которые им понравились';
/*!40101 SET character_set_client = @saved_cs_client */;

--
-- Dumping data for table `liked_media`
--

LOCK TABLES `liked_media` WRITE;
/*!40000 ALTER TABLE `liked_media` DISABLE KEYS */;
INSERT INTO `liked_media` VALUES (1,1,'2011-11-07 12:59:38'),(2,2,'1974-01-14 08:17:21'),(3,3,'2014-03-05 21:48:42'),(4,4,'1998-11-02 17:21:18'),(5,5,'1984-11-29 02:30:32'),(6,6,'2007-07-17 02:38:35'),(7,7,'2018-05-06 00:07:54'),(8,8,'2020-04-27 06:13:15'),(9,9,'2015-03-22 05:49:16'),(10,10,'2019-12-30 22:03:02'),(11,11,'1991-03-03 02:46:19'),(12,12,'1975-10-05 13:48:02'),(13,13,'2010-05-24 10:24:32'),(14,14,'1973-09-05 12:59:21'),(15,15,'2005-04-14 20:19:36'),(16,16,'1974-08-18 10:37:55'),(17,17,'1981-05-27 00:04:46'),(18,18,'1996-06-08 06:40:20'),(19,19,'2004-04-11 05:35:50'),(20,20,'2017-02-23 05:09:25'),(21,21,'1996-01-27 06:46:07'),(22,22,'1979-08-28 12:41:03'),(23,23,'2016-11-30 17:06:17'),(24,24,'1994-08-08 15:21:38'),(25,25,'2002-05-14 08:31:59'),(26,26,'1992-01-18 04:39:40'),(27,27,'2010-10-15 20:30:14'),(28,28,'2008-09-13 11:22:02'),(29,29,'1976-11-20 23:44:00'),(30,30,'1973-03-22 07:45:12'),(31,31,'2003-10-01 01:53:21'),(32,32,'1993-03-12 02:45:59'),(33,33,'1987-08-26 15:34:02'),(34,34,'1984-02-15 16:18:12'),(35,35,'2010-07-23 15:43:00'),(36,36,'2017-02-06 23:03:18'),(37,37,'1988-10-17 00:06:09'),(38,38,'1989-10-29 14:16:16'),(39,39,'1973-07-25 14:34:25'),(40,40,'1991-04-29 09:13:27'),(41,41,'2011-08-07 09:42:23'),(42,42,'1985-01-22 04:25:56'),(43,43,'2007-08-13 15:34:43'),(44,44,'1985-11-23 13:21:08'),(45,45,'2004-08-24 09:33:40'),(46,46,'2007-06-04 21:06:31'),(47,47,'2015-07-16 05:08:07'),(48,48,'2018-12-09 17:19:01'),(49,49,'2002-01-11 11:49:17'),(50,50,'1988-05-05 18:17:44'),(51,51,'1974-01-02 10:51:27'),(52,52,'2007-04-18 09:21:58'),(53,53,'2010-04-22 23:04:57'),(54,54,'1990-11-07 06:46:18'),(55,55,'2014-11-30 03:40:33'),(56,56,'1992-09-20 21:48:49'),(57,57,'1986-12-12 15:06:36'),(58,58,'1985-06-12 09:25:05'),(59,59,'2005-09-11 14:31:51'),(60,60,'1984-07-31 16:52:15'),(61,61,'1999-02-03 17:18:37'),(62,62,'1999-12-12 13:20:54'),(63,63,'2004-05-26 11:34:36'),(64,64,'1993-07-19 00:30:37'),(65,65,'2018-06-20 20:00:13'),(66,66,'1997-07-24 00:00:42'),(67,67,'2008-09-03 00:36:55'),(68,68,'2007-08-09 04:53:56'),(69,69,'1998-07-16 11:07:26'),(70,70,'2012-11-03 18:54:28'),(71,71,'2017-10-11 12:24:02'),(72,72,'1989-05-06 08:47:55'),(73,73,'1973-05-17 22:31:22'),(74,74,'2012-10-06 07:38:27'),(75,75,'1994-03-29 04:02:06'),(76,76,'2014-07-27 14:00:32'),(77,77,'2005-07-10 05:22:08'),(78,78,'2013-02-20 19:12:01'),(79,79,'1973-02-16 16:47:01'),(80,80,'2008-10-05 14:45:53'),(81,81,'1997-03-29 22:34:55'),(82,82,'2000-04-26 01:22:05'),(83,83,'1982-01-11 13:56:02'),(84,84,'2002-07-25 05:51:51'),(85,85,'1994-09-08 00:10:31'),(86,86,'1972-05-31 19:04:29'),(87,87,'2007-03-21 15:30:58'),(88,88,'1987-05-02 18:30:48'),(89,89,'1973-01-10 22:31:42'),(90,90,'1992-11-25 20:44:40'),(91,91,'1974-02-14 10:29:50'),(92,92,'2005-06-22 19:11:32'),(93,93,'1977-06-27 07:27:33'),(94,94,'1973-08-08 00:38:44'),(95,95,'1974-03-14 08:07:09'),(96,96,'2014-12-15 02:57:34'),(97,97,'1995-06-15 00:34:21'),(98,98,'1990-02-27 18:52:16'),(99,99,'2016-02-09 03:03:03'),(100,100,'1971-04-07 03:00:48');
/*!40000 ALTER TABLE `liked_media` ENABLE KEYS */;
UNLOCK TABLES;

--
-- Table structure for table `liked_submissions`
--

DROP TABLE IF EXISTS `liked_submissions`;
/*!40101 SET @saved_cs_client     = @@character_set_client */;
/*!50503 SET character_set_client = utf8mb4 */;
CREATE TABLE `liked_submissions` (
  `submission_id` int unsigned NOT NULL COMMENT 'Ссылка на публикацию',
  `user_id` int unsigned NOT NULL COMMENT 'Ссылка на пользователя',
  `created_at` datetime DEFAULT CURRENT_TIMESTAMP COMMENT 'Время создания строки',
  PRIMARY KEY (`submission_id`,`user_id`) COMMENT 'Составной первичный ключ'
) ENGINE=InnoDB DEFAULT CHARSET=utf8 COLLATE=utf8_unicode_ci COMMENT='Связь между пользователями и публикациями которые им понравились';
/*!40101 SET character_set_client = @saved_cs_client */;

--
-- Dumping data for table `liked_submissions`
--

LOCK TABLES `liked_submissions` WRITE;
/*!40000 ALTER TABLE `liked_submissions` DISABLE KEYS */;
INSERT INTO `liked_submissions` VALUES (1,1,'2018-05-29 13:56:08'),(2,2,'1989-09-03 17:07:24'),(3,3,'1987-06-18 05:31:12'),(4,4,'1977-01-29 20:50:58'),(5,5,'1970-04-21 16:23:28'),(6,6,'2006-08-03 00:05:49'),(7,7,'2005-05-24 13:11:53'),(8,8,'1985-02-26 08:14:48'),(9,9,'1981-06-16 10:08:52'),(10,10,'2013-10-24 04:20:33'),(11,11,'1999-10-22 02:21:35'),(12,12,'2013-02-04 10:58:52'),(13,13,'1983-09-02 14:31:37'),(14,14,'1974-07-27 09:08:24'),(15,15,'1987-08-26 15:28:27'),(16,16,'1971-12-04 22:11:39'),(17,17,'1985-03-13 05:05:53'),(18,18,'2018-09-06 06:39:54'),(19,19,'1971-01-31 13:46:12'),(20,20,'1996-08-12 12:45:56'),(21,21,'2002-02-14 18:53:04'),(22,22,'1974-04-22 21:11:01'),(23,23,'1999-12-26 01:06:01'),(24,24,'1977-05-05 19:25:27'),(25,25,'1984-09-03 16:08:10'),(26,26,'2014-11-16 11:09:53'),(27,27,'1972-05-29 11:44:28'),(28,28,'1984-09-27 15:52:54'),(29,29,'2004-09-23 12:48:29'),(30,30,'1992-03-06 14:34:13'),(31,31,'1997-08-25 11:54:09'),(32,32,'1992-05-05 00:27:08'),(33,33,'1998-05-08 04:29:31'),(34,34,'1985-07-21 19:32:01'),(35,35,'1987-03-30 23:56:06'),(36,36,'1983-10-27 12:29:26'),(37,37,'1994-08-19 15:53:47'),(38,38,'1998-12-31 12:42:53'),(39,39,'1993-02-18 17:25:48'),(40,40,'2003-12-19 20:14:26'),(41,41,'1987-10-08 08:21:18'),(42,42,'1994-05-23 19:03:32'),(43,43,'1973-11-28 10:49:50'),(44,44,'2005-06-13 08:50:21'),(45,45,'1976-01-17 02:28:15'),(46,46,'2014-11-12 01:28:55'),(47,47,'1982-08-05 12:55:03'),(48,48,'1980-05-03 01:12:15'),(49,49,'1992-12-19 18:03:48'),(50,50,'2007-05-16 18:32:22'),(51,51,'2010-03-29 10:58:49'),(52,52,'1970-04-14 20:53:22'),(53,53,'1982-04-01 20:21:51'),(54,54,'2009-01-17 04:08:34'),(55,55,'1973-07-01 05:44:11'),(56,56,'1978-12-13 03:12:51'),(57,57,'2011-11-15 03:08:34'),(58,58,'1981-05-26 22:44:54'),(59,59,'1987-11-06 12:15:21'),(60,60,'2018-01-16 20:46:25'),(61,61,'1978-07-28 14:02:25'),(62,62,'1986-07-07 15:02:47'),(63,63,'1974-10-23 03:42:25'),(64,64,'2001-02-13 22:47:15'),(65,65,'1973-03-01 17:52:39'),(66,66,'1994-05-12 08:28:20'),(67,67,'1998-11-26 03:03:24'),(68,68,'1972-08-12 00:28:09'),(69,69,'1998-01-11 23:56:03'),(70,70,'2017-01-29 02:04:52'),(71,71,'1973-09-08 08:04:04'),(72,72,'2018-04-20 01:34:23'),(73,73,'1971-06-26 07:56:04'),(74,74,'1990-01-03 21:39:14'),(75,75,'2004-05-18 22:29:05'),(76,76,'1970-05-25 03:53:55'),(77,77,'2015-11-18 18:14:07'),(78,78,'1994-12-23 22:12:42'),(79,79,'1980-09-28 08:36:51'),(80,80,'1973-11-03 10:38:17'),(81,81,'2010-11-17 08:30:38'),(82,82,'2006-08-27 21:13:32'),(83,83,'1994-01-08 15:34:19'),(84,84,'2017-03-24 05:00:50'),(85,85,'1971-05-20 23:05:40'),(86,86,'1986-05-16 12:44:33'),(87,87,'1996-01-21 08:12:43'),(88,88,'1994-09-27 18:21:24'),(89,89,'2005-07-07 18:51:40'),(90,90,'1976-02-29 14:09:19'),(91,91,'1998-02-01 05:53:51'),(92,92,'2017-08-14 18:20:43'),(93,93,'2012-01-03 09:12:07'),(94,94,'1972-03-11 07:13:04'),(95,95,'1984-05-05 12:47:57'),(96,96,'2017-07-16 09:07:19'),(97,97,'1990-08-16 00:30:56'),(98,98,'1987-10-17 05:11:13'),(99,99,'2014-06-24 12:51:56'),(100,100,'2005-05-03 02:54:36');
/*!40000 ALTER TABLE `liked_submissions` ENABLE KEYS */;
UNLOCK TABLES;

--
-- Table structure for table `media`
--

DROP TABLE IF EXISTS `media`;
/*!40101 SET @saved_cs_client     = @@character_set_client */;
/*!50503 SET character_set_client = utf8mb4 */;
CREATE TABLE `media` (
  `id` int unsigned NOT NULL AUTO_INCREMENT COMMENT 'Идентификатор строки',
  `user_id` int unsigned NOT NULL COMMENT 'Ссылка на пользователя, который загрузил файл',
  `filename` varchar(255) CHARACTER SET utf8 COLLATE utf8_unicode_ci NOT NULL COMMENT 'Путь к файлу',
  `size` int NOT NULL COMMENT 'Размер файла',
  `metadata` json DEFAULT NULL,
  `media_type_id` int unsigned NOT NULL COMMENT 'Ссылка на тип контента',
  `created_at` datetime DEFAULT CURRENT_TIMESTAMP COMMENT 'Время создания строки',
  `updated_at` datetime DEFAULT CURRENT_TIMESTAMP ON UPDATE CURRENT_TIMESTAMP COMMENT 'Время обновления строки',
  PRIMARY KEY (`id`),
  CONSTRAINT `media_chk_1` CHECK (json_valid(`metadata`))
) ENGINE=InnoDB AUTO_INCREMENT=101 DEFAULT CHARSET=utf8 COLLATE=utf8_unicode_ci COMMENT='Медиафайлы';
/*!40101 SET character_set_client = @saved_cs_client */;

--
-- Dumping data for table `media`
--

LOCK TABLES `media` WRITE;
/*!40000 ALTER TABLE `media` DISABLE KEYS */;
INSERT INTO `media` VALUES (1,1,'https://dropbox.net/vk/deleniti.mp3',9848393,'{\"owner\": \"Della Renner\"}',2,'1992-05-22 06:18:20','2020-11-26 22:48:59'),(2,2,'https://dropbox.net/vk/itaque.mp3',312185800,'{\"owner\": \"Golden Johns\"}',1,'2008-02-26 20:17:47','2020-11-26 22:48:59'),(3,3,'https://dropbox.net/vk/voluptate.mp3',44937,'{\"owner\": \"Eleanora Hamill\"}',1,'2010-02-24 10:13:58','2020-11-26 22:48:59'),(4,4,'https://dropbox.net/vk/explicabo.mp3',526658,'{\"owner\": \"Orval Robel\"}',3,'2014-12-29 23:18:52','2020-11-26 22:48:59'),(5,5,'https://dropbox.net/vk/ullam.png',281059,'{\"owner\": \"Jensen Prohaska\"}',3,'1978-12-25 09:08:32','2020-11-26 22:48:59'),(6,6,'https://dropbox.net/vk/voluptatem.avi',121525,'{\"owner\": \"Arielle Ankunding\"}',1,'1973-08-10 22:31:19','2020-11-26 22:48:59'),(7,7,'https://dropbox.net/vk/similique.png',2421689,'{\"owner\": \"Ally Collins\"}',2,'1970-01-08 05:13:37','2020-11-26 22:48:59'),(8,8,'https://dropbox.net/vk/animi.jpg',16493700,'{\"owner\": \"Edwardo Carroll\"}',3,'1991-01-06 01:57:49','2020-11-26 22:48:59'),(9,9,'https://dropbox.net/vk/impedit.jpg',264448,'{\"owner\": \"Alycia Beier\"}',1,'2010-07-09 02:31:28','2020-11-26 22:48:59'),(10,10,'https://dropbox.net/vk/maxime.png',257668,'{\"owner\": \"Bridie Schneider\"}',1,'1983-06-10 01:36:21','2020-11-26 22:48:59'),(11,11,'https://dropbox.net/vk/et.png',194994,'{\"owner\": \"Sydney Boyle\"}',2,'1971-01-01 20:44:31','2020-11-26 22:48:59'),(12,12,'https://dropbox.net/vk/voluptas.avi',2934974,'{\"owner\": \"Lysanne Treutel\"}',2,'2001-07-17 17:09:54','2020-11-26 22:48:59'),(13,13,'https://dropbox.net/vk/sequi.jpg',381617,'{\"owner\": \"Alvena Stanton\"}',2,'2019-07-17 03:25:11','2020-11-26 22:48:59'),(14,14,'https://dropbox.net/vk/fugiat.mp3',300164,'{\"owner\": \"Matteo Schmeler\"}',2,'1995-03-04 00:34:25','2020-11-26 22:48:59'),(15,15,'https://dropbox.net/vk/eos.jpg',55168906,'{\"owner\": \"Kailee Larson\"}',3,'1981-06-03 22:17:43','2020-11-26 22:48:59'),(16,16,'https://dropbox.net/vk/et.png',101967,'{\"owner\": \"Justina Balistreri\"}',3,'2000-08-21 05:58:33','2020-11-26 22:48:59'),(17,17,'https://dropbox.net/vk/accusamus.jpg',224852,'{\"owner\": \"Ashton Weissnat\"}',1,'1984-08-26 18:54:05','2020-11-26 22:48:59'),(18,18,'https://dropbox.net/vk/corrupti.avi',118363,'{\"owner\": \"Zane Rowe\"}',3,'2005-01-01 06:42:04','2020-11-26 22:48:59'),(19,19,'https://dropbox.net/vk/facilis.avi',885678363,'{\"owner\": \"Alanis Strosin\"}',2,'1975-12-31 18:18:49','2020-11-26 22:48:59'),(20,20,'https://dropbox.net/vk/necessitatibus.avi',78416067,'{\"owner\": \"Cindy Bogisich\"}',1,'1996-12-09 03:51:39','2020-11-26 22:48:59'),(21,21,'https://dropbox.net/vk/quam.avi',2468651,'{\"owner\": \"Murl Rolfson\"}',2,'2006-04-19 10:00:16','2020-11-26 22:48:59'),(22,22,'https://dropbox.net/vk/minima.mp3',42673612,'{\"owner\": \"Laverna Heaney\"}',3,'1981-01-10 18:52:03','2020-11-26 22:48:59'),(23,23,'https://dropbox.net/vk/repellat.avi',62753,'{\"owner\": \"Albina Greenholt\"}',3,'1983-07-13 23:28:31','2020-11-26 22:48:59'),(24,24,'https://dropbox.net/vk/labore.jpg',217256,'{\"owner\": \"Jermaine Towne\"}',3,'1990-02-07 07:41:31','2020-11-26 22:48:59'),(25,25,'https://dropbox.net/vk/non.mp3',2455534,'{\"owner\": \"Moriah Ankunding\"}',2,'1990-05-23 21:40:12','2020-11-26 22:48:59'),(26,26,'https://dropbox.net/vk/ut.jpg',402804,'{\"owner\": \"Karson Hyatt\"}',1,'2006-12-04 12:55:27','2020-11-26 22:48:59'),(27,27,'https://dropbox.net/vk/temporibus.jpg',231194,'{\"owner\": \"Fletcher Grady\"}',2,'2014-01-16 08:29:35','2020-11-26 22:48:59'),(28,28,'https://dropbox.net/vk/excepturi.avi',204203,'{\"owner\": \"Arne Kihn\"}',1,'2009-11-05 09:08:28','2020-11-26 22:48:59'),(29,29,'https://dropbox.net/vk/aut.avi',227433,'{\"owner\": \"Luis Quigley\"}',3,'1973-04-02 01:07:21','2020-11-26 22:48:59'),(30,30,'https://dropbox.net/vk/vel.mp3',224558,'{\"owner\": \"Frank Hayes\"}',2,'1970-12-15 22:24:28','2020-11-26 22:48:59'),(31,31,'https://dropbox.net/vk/est.mp3',140490,'{\"owner\": \"Rahsaan Fritsch\"}',3,'2010-12-29 15:58:17','2020-11-26 22:48:59'),(32,32,'https://dropbox.net/vk/ducimus.mp3',128775,'{\"owner\": \"Ole Crooks\"}',2,'2020-03-07 03:10:34','2020-11-26 22:48:59'),(33,33,'https://dropbox.net/vk/molestiae.jpg',44462863,'{\"owner\": \"Ulises Wiegand\"}',1,'2000-06-02 12:32:03','2020-11-26 22:48:59'),(34,34,'https://dropbox.net/vk/quasi.mp3',7330671,'{\"owner\": \"Jeffrey Emmerich\"}',3,'2005-02-19 20:54:37','2020-11-26 22:48:59'),(35,35,'https://dropbox.net/vk/nihil.png',770437,'{\"owner\": \"Kaia Robel\"}',3,'2013-05-03 00:46:17','2020-11-26 22:48:59'),(36,36,'https://dropbox.net/vk/adipisci.mp3',122407,'{\"owner\": \"Megane Renner\"}',2,'2009-09-28 18:56:23','2020-11-26 22:48:59'),(37,37,'https://dropbox.net/vk/rerum.jpg',125708,'{\"owner\": \"Kennedy Botsford\"}',3,'2009-11-10 03:32:14','2020-11-26 22:48:59'),(38,38,'https://dropbox.net/vk/aut.jpg',1306304,'{\"owner\": \"Vada Weber\"}',3,'1984-12-19 17:39:05','2020-11-26 22:48:59'),(39,39,'https://dropbox.net/vk/nulla.jpg',161323,'{\"owner\": \"Mayra Mraz\"}',1,'2017-07-02 06:48:08','2020-11-26 22:48:59'),(40,40,'https://dropbox.net/vk/atque.png',129490,'{\"owner\": \"Kaitlin Connelly\"}',3,'1989-05-19 23:30:55','2020-11-26 22:48:59'),(41,41,'https://dropbox.net/vk/rerum.avi',3887,'{\"owner\": \"Rahsaan Sporer\"}',1,'2013-04-02 14:58:59','2020-11-26 22:48:59'),(42,42,'https://dropbox.net/vk/nesciunt.jpg',75496481,'{\"owner\": \"Damien Lind\"}',2,'2009-02-28 08:04:48','2020-11-26 22:48:59'),(43,43,'https://dropbox.net/vk/et.avi',52626254,'{\"owner\": \"Cornell Tromp\"}',3,'2014-09-05 18:17:30','2020-11-26 22:48:59'),(44,44,'https://dropbox.net/vk/et.avi',97283493,'{\"owner\": \"Kiara Eichmann\"}',1,'1998-11-27 11:46:01','2020-11-26 22:48:59'),(45,45,'https://dropbox.net/vk/esse.png',263483,'{\"owner\": \"Kimberly Schmitt\"}',2,'1974-09-07 00:15:22','2020-11-26 22:48:59'),(46,46,'https://dropbox.net/vk/rem.jpg',803511,'{\"owner\": \"Camden Ullrich\"}',3,'1979-02-12 09:57:30','2020-11-26 22:48:59'),(47,47,'https://dropbox.net/vk/similique.avi',228946,'{\"owner\": \"Kay Jones\"}',2,'2017-08-20 20:41:36','2020-11-26 22:48:59'),(48,48,'https://dropbox.net/vk/aut.mp3',254279,'{\"owner\": \"Jesse Price\"}',3,'1985-11-28 23:38:23','2020-11-26 22:48:59'),(49,49,'https://dropbox.net/vk/explicabo.jpg',284558,'{\"owner\": \"Chaz Stokes\"}',1,'2016-06-16 08:55:27','2020-11-26 22:48:59'),(50,50,'https://dropbox.net/vk/omnis.mp3',2045622,'{\"owner\": \"Merlin Bashirian\"}',1,'1976-06-26 23:16:22','2020-11-26 22:48:59'),(51,51,'https://dropbox.net/vk/tenetur.jpg',159955,'{\"owner\": \"Linnie Nikolaus\"}',3,'2000-03-11 16:34:09','2020-11-26 22:48:59'),(52,52,'https://dropbox.net/vk/nisi.png',246100,'{\"owner\": \"Grover Herzog\"}',1,'2014-03-20 13:21:51','2020-11-26 22:48:59'),(53,53,'https://dropbox.net/vk/illo.mp3',52943621,'{\"owner\": \"Darwin Little\"}',1,'2015-08-20 04:51:34','2020-11-26 22:48:59'),(54,54,'https://dropbox.net/vk/quod.avi',2159772,'{\"owner\": \"Idell Lehner\"}',3,'2000-01-03 15:58:43','2020-11-26 22:48:59'),(55,55,'https://dropbox.net/vk/odio.jpg',36912705,'{\"owner\": \"Yvonne Klein\"}',3,'1978-05-07 15:36:09','2020-11-26 22:48:59'),(56,56,'https://dropbox.net/vk/vitae.mp3',57751943,'{\"owner\": \"Reyna Stroman\"}',3,'1980-06-08 04:27:50','2020-11-26 22:48:59'),(57,57,'https://dropbox.net/vk/est.mp3',250638,'{\"owner\": \"Cali Kuhlman\"}',2,'2011-12-10 05:22:59','2020-11-26 22:48:59'),(58,58,'https://dropbox.net/vk/doloremque.jpg',991755,'{\"owner\": \"Wilber Wilkinson\"}',2,'2010-09-26 10:49:03','2020-11-26 22:48:59'),(59,59,'https://dropbox.net/vk/accusantium.png',214887,'{\"owner\": \"Walker Bailey\"}',3,'1990-11-21 06:19:05','2020-11-26 22:48:59'),(60,60,'https://dropbox.net/vk/reiciendis.mp3',1471094,'{\"owner\": \"Dayton Lesch\"}',1,'1993-02-16 19:25:44','2020-11-26 22:48:59'),(61,61,'https://dropbox.net/vk/sunt.mp3',4352,'{\"owner\": \"Blake Bayer\"}',1,'1978-07-04 06:29:15','2020-11-26 22:48:59'),(62,62,'https://dropbox.net/vk/repudiandae.avi',222525,'{\"owner\": \"Emil Cruickshank\"}',1,'2016-12-19 08:13:13','2020-11-26 22:48:59'),(63,63,'https://dropbox.net/vk/adipisci.png',363627770,'{\"owner\": \"Billie Nolan\"}',2,'1984-06-18 13:53:57','2020-11-26 22:48:59'),(64,64,'https://dropbox.net/vk/officia.mp3',2930,'{\"owner\": \"Ines O\'Connell\"}',1,'2016-09-27 20:02:37','2020-11-26 22:48:59'),(65,65,'https://dropbox.net/vk/at.jpg',2450525,'{\"owner\": \"General Rogahn\"}',2,'1985-05-05 05:25:22','2020-11-26 22:48:59'),(66,66,'https://dropbox.net/vk/est.mp3',435796174,'{\"owner\": \"Arlie Davis\"}',2,'1982-08-28 20:05:29','2020-11-26 22:48:59'),(67,67,'https://dropbox.net/vk/amet.png',167961,'{\"owner\": \"Lonie Hermann\"}',1,'2001-01-11 23:13:09','2020-11-26 22:48:59'),(68,68,'https://dropbox.net/vk/a.avi',272234,'{\"owner\": \"Annette Veum\"}',1,'2019-11-18 00:41:43','2020-11-26 22:48:59'),(69,69,'https://dropbox.net/vk/nihil.avi',3076848,'{\"owner\": \"Amira Herman\"}',2,'1971-11-29 22:15:37','2020-11-26 22:48:59'),(70,70,'https://dropbox.net/vk/vero.avi',1745277,'{\"owner\": \"Oma Daniel\"}',3,'1994-07-22 12:55:42','2020-11-26 22:48:59'),(71,71,'https://dropbox.net/vk/sit.mp3',157285,'{\"owner\": \"Albertha Cassin\"}',1,'1995-12-03 15:55:50','2020-11-26 22:48:59'),(72,72,'https://dropbox.net/vk/et.png',269724,'{\"owner\": \"Rosetta Gottlieb\"}',2,'1993-02-27 17:43:36','2020-11-26 22:48:59'),(73,73,'https://dropbox.net/vk/deleniti.png',116464839,'{\"owner\": \"Lester Kuphal\"}',2,'1998-06-30 02:43:13','2020-11-26 22:48:59'),(74,74,'https://dropbox.net/vk/cum.mp3',9904144,'{\"owner\": \"Hazle Bailey\"}',1,'1995-12-07 06:19:39','2020-11-26 22:48:59'),(75,75,'https://dropbox.net/vk/voluptatem.png',22707197,'{\"owner\": \"Mireille Hermiston\"}',3,'1984-03-17 02:23:48','2020-11-26 22:48:59'),(76,76,'https://dropbox.net/vk/ut.png',5386506,'{\"owner\": \"Jeffry Barrows\"}',3,'1972-03-30 21:12:02','2020-11-26 22:48:59'),(77,77,'https://dropbox.net/vk/corrupti.png',176764,'{\"owner\": \"Mandy Beier\"}',1,'1975-08-25 03:46:11','2020-11-26 22:48:59'),(78,78,'https://dropbox.net/vk/consequatur.jpg',86428938,'{\"owner\": \"Davin Bruen\"}',2,'2019-03-05 05:32:31','2020-11-26 22:48:59'),(79,79,'https://dropbox.net/vk/eius.png',174649,'{\"owner\": \"Lizzie Reynolds\"}',1,'1979-11-06 23:58:25','2020-11-26 22:48:59'),(80,80,'https://dropbox.net/vk/nostrum.jpg',242954,'{\"owner\": \"Alex Runte\"}',3,'1976-12-24 09:27:07','2020-11-26 22:48:59'),(81,81,'https://dropbox.net/vk/quos.avi',975148327,'{\"owner\": \"Delmer Johnston\"}',2,'1995-10-12 17:26:15','2020-11-26 22:48:59'),(82,82,'https://dropbox.net/vk/amet.avi',4319,'{\"owner\": \"Trystan Gleason\"}',1,'1996-06-16 22:54:47','2020-11-26 22:48:59'),(83,83,'https://dropbox.net/vk/iusto.avi',97534362,'{\"owner\": \"Candice Schulist\"}',2,'2002-05-12 14:36:58','2020-11-26 22:48:59'),(84,84,'https://dropbox.net/vk/autem.png',678946955,'{\"owner\": \"Tyrese Jaskolski\"}',3,'1977-07-18 07:38:13','2020-11-26 22:48:59'),(85,85,'https://dropbox.net/vk/aut.jpg',50156293,'{\"owner\": \"Makayla Rau\"}',1,'1979-08-09 03:54:07','2020-11-26 22:48:59'),(86,86,'https://dropbox.net/vk/unde.png',82080,'{\"owner\": \"Pascale Murray\"}',1,'2011-08-27 05:32:58','2020-11-26 22:48:59'),(87,87,'https://dropbox.net/vk/provident.avi',190822,'{\"owner\": \"Candice Marvin\"}',3,'2017-08-16 23:25:14','2020-11-26 22:48:59'),(88,88,'https://dropbox.net/vk/in.jpg',7392,'{\"owner\": \"Jean Runte\"}',1,'2018-07-23 13:40:02','2020-11-26 22:48:59'),(89,89,'https://dropbox.net/vk/dolorem.avi',90718,'{\"owner\": \"Kaelyn Shields\"}',2,'2014-01-30 03:38:42','2020-11-26 22:48:59'),(90,90,'https://dropbox.net/vk/iste.jpg',55666460,'{\"owner\": \"Rebecca Larson\"}',2,'1986-01-07 18:37:31','2020-11-26 22:48:59'),(91,91,'https://dropbox.net/vk/beatae.avi',9574,'{\"owner\": \"Vivian Berge\"}',3,'2005-12-11 21:08:32','2020-11-26 22:48:59'),(92,92,'https://dropbox.net/vk/voluptas.avi',60763,'{\"owner\": \"Irma Goodwin\"}',2,'1998-07-28 00:19:13','2020-11-26 22:48:59'),(93,93,'https://dropbox.net/vk/voluptates.avi',63139,'{\"owner\": \"Maryjane Emard\"}',1,'1997-04-02 07:17:02','2020-11-26 22:48:59'),(94,94,'https://dropbox.net/vk/qui.png',125251,'{\"owner\": \"Christelle Flatley\"}',3,'2018-08-18 21:56:07','2020-11-26 22:48:59'),(95,95,'https://dropbox.net/vk/cumque.avi',1812434,'{\"owner\": \"Kody Konopelski\"}',3,'1981-05-19 09:52:40','2020-11-26 22:48:59'),(96,96,'https://dropbox.net/vk/occaecati.png',511231,'{\"owner\": \"Ewald Bahringer\"}',2,'1997-07-26 18:36:28','2020-11-26 22:48:59'),(97,97,'https://dropbox.net/vk/veniam.png',2141274,'{\"owner\": \"Amiya Bergnaum\"}',2,'2006-08-08 17:39:36','2020-11-26 22:48:59'),(98,98,'https://dropbox.net/vk/vel.avi',5515,'{\"owner\": \"Lydia Boehm\"}',2,'1979-10-25 18:03:54','2020-11-26 22:48:59'),(99,99,'https://dropbox.net/vk/est.mp3',56608,'{\"owner\": \"Estelle Gleichner\"}',2,'2009-05-27 09:50:25','2020-11-26 22:48:59'),(100,100,'https://dropbox.net/vk/pariatur.avi',31442,'{\"owner\": \"Angelina Boehm\"}',2,'1997-06-08 09:34:57','2020-11-26 22:48:59');
/*!40000 ALTER TABLE `media` ENABLE KEYS */;
UNLOCK TABLES;

--
-- Table structure for table `media_types`
--

DROP TABLE IF EXISTS `media_types`;
/*!40101 SET @saved_cs_client     = @@character_set_client */;
/*!50503 SET character_set_client = utf8mb4 */;
CREATE TABLE `media_types` (
  `id` int unsigned NOT NULL AUTO_INCREMENT COMMENT 'Идентификатор строки',
  `name` varchar(255) CHARACTER SET utf8 COLLATE utf8_unicode_ci NOT NULL COMMENT 'Название типа',
  `created_at` datetime DEFAULT CURRENT_TIMESTAMP COMMENT 'Время создания строки',
  `updated_at` datetime DEFAULT CURRENT_TIMESTAMP ON UPDATE CURRENT_TIMESTAMP COMMENT 'Время обновления строки',
  PRIMARY KEY (`id`),
  UNIQUE KEY `name` (`name`)
) ENGINE=InnoDB AUTO_INCREMENT=4 DEFAULT CHARSET=utf8 COLLATE=utf8_unicode_ci COMMENT='Типы медиафайлов';
/*!40101 SET character_set_client = @saved_cs_client */;

--
-- Dumping data for table `media_types`
--

LOCK TABLES `media_types` WRITE;
/*!40000 ALTER TABLE `media_types` DISABLE KEYS */;
INSERT INTO `media_types` VALUES (1,'audio','2020-11-26 22:29:02','2020-11-26 22:29:02'),(2,'video','2020-11-26 22:29:02','2020-11-26 22:29:02'),(3,'image','2020-11-26 22:29:02','2020-11-26 22:29:02');
/*!40000 ALTER TABLE `media_types` ENABLE KEYS */;
UNLOCK TABLES;

--
-- Table structure for table `messages`
--

DROP TABLE IF EXISTS `messages`;
/*!40101 SET @saved_cs_client     = @@character_set_client */;
/*!50503 SET character_set_client = utf8mb4 */;
CREATE TABLE `messages` (
  `id` int unsigned NOT NULL AUTO_INCREMENT COMMENT 'Идентификатор строки',
  `from_user_id` int unsigned NOT NULL COMMENT 'Ссылка на отправителя сообщения',
  `to_user_id` int unsigned NOT NULL COMMENT 'Ссылка на получателя сообщения',
  `body` text CHARACTER SET utf8 COLLATE utf8_unicode_ci NOT NULL COMMENT 'Текст сообщения',
  `is_important` tinyint(1) DEFAULT NULL COMMENT 'Признак важности',
  `is_delivered` tinyint(1) DEFAULT NULL COMMENT 'Признак доставки',
  `created_at` datetime DEFAULT CURRENT_TIMESTAMP COMMENT 'Время создания строки',
  `updated_at` datetime DEFAULT CURRENT_TIMESTAMP ON UPDATE CURRENT_TIMESTAMP COMMENT 'Время обновления строки',
  PRIMARY KEY (`id`)
) ENGINE=InnoDB AUTO_INCREMENT=101 DEFAULT CHARSET=utf8 COLLATE=utf8_unicode_ci COMMENT='Сообщения';
/*!40101 SET character_set_client = @saved_cs_client */;

--
-- Dumping data for table `messages`
--

LOCK TABLES `messages` WRITE;
/*!40000 ALTER TABLE `messages` DISABLE KEYS */;
INSERT INTO `messages` VALUES (1,56,54,'Et hic quibusdam exercitationem iste. Occaecati blanditiis rerum magnam dicta rem. Sed architecto consequatur aspernatur nesciunt.',0,1,'2018-04-13 20:16:17','2020-11-26 22:22:21'),(2,98,30,'Aperiam cupiditate porro consequatur laborum nisi. Cumque ipsum voluptatibus rerum laudantium nihil aspernatur. Vitae molestias et velit doloremque est nihil. Ab pariatur alias soluta incidunt rerum dolorum.',1,0,'2009-09-26 10:37:17','2020-11-26 22:22:21'),(3,53,77,'Praesentium accusantium ex cum et quis dolores fuga fugiat. Assumenda eligendi saepe sed impedit consequatur et. Suscipit qui quo qui. Qui eveniet qui et esse quia.',0,1,'2000-07-09 23:58:05','2020-11-26 22:22:21'),(4,26,96,'Sunt ipsam odit dolor minima. Quis ut voluptas id est rem commodi alias. Iure dicta aut repellat et. Aut ut aliquam saepe qui et.',1,0,'1978-08-08 05:35:24','2020-11-26 22:22:21'),(5,2,21,'Blanditiis cumque iste dolor et deserunt itaque ut. Quas vero optio accusantium voluptatem eos aliquam. Quidem nemo commodi ut blanditiis corrupti rem deleniti. Eveniet minima inventore adipisci animi ut voluptatibus ut.',1,0,'1998-06-13 13:49:32','2020-11-26 22:22:21'),(6,1,40,'Et quia sint in at. Est vero fugiat eius.',0,1,'1973-11-18 07:03:35','2020-11-26 22:22:21'),(7,96,59,'Consectetur pariatur aliquid et illum. Doloribus nostrum aliquam dignissimos beatae et molestias. Amet quo quisquam tenetur voluptas error. Ut quos quia sunt sapiente vero eligendi quis.',0,0,'1999-05-11 08:41:14','2020-11-26 22:22:21'),(8,5,50,'Quam veritatis doloribus molestias excepturi. Voluptatem deserunt itaque omnis dolore non qui blanditiis. Modi tenetur quis quo. Unde non possimus laboriosam et magni neque dolorum. Est rerum sint neque nobis consequatur corporis.',0,1,'1999-09-09 04:25:10','2020-11-26 22:22:21'),(9,34,21,'Et esse eaque et rem. Quod sapiente quae non possimus quia. Odit ut aperiam dolorum deserunt iste est enim.',0,1,'2002-09-27 11:35:04','2020-11-26 22:22:21'),(10,3,53,'Eligendi deserunt molestiae iste voluptatem nemo eos molestiae. Voluptatem corporis optio dolor ut qui. Aut voluptatem illum nisi.',1,0,'1976-09-04 02:26:27','2020-11-26 22:22:21'),(11,52,100,'Qui quisquam suscipit quis dolorum qui qui facilis ut. Sint aut non velit excepturi est. Libero ut ut natus natus.',1,0,'1978-07-19 22:05:18','2020-11-26 22:22:21'),(12,43,14,'Molestias adipisci vel ad repellendus ea error. Animi qui a cupiditate repudiandae nam. Vel voluptas dolor maxime facilis sint.',1,1,'2005-03-07 06:20:27','2020-11-26 22:22:21'),(13,43,70,'In architecto voluptatum omnis voluptatem. Nostrum itaque dicta blanditiis quam. Esse dignissimos tempora voluptate est. Nemo inventore necessitatibus quis aut quod.',1,0,'2003-12-26 10:34:11','2020-11-26 22:22:21'),(14,22,99,'Animi ipsa rerum repellat saepe. Alias qui quis et aut at. Dolores at quos possimus quaerat. Maiores autem illum ut vero molestiae quia.',0,1,'1970-06-30 08:33:51','2020-11-26 22:22:21'),(15,29,47,'Rerum nihil voluptatum et itaque suscipit. Id animi numquam repellat qui. Est provident accusantium aut corporis quas molestiae aperiam. Sunt illo sed et facere quia.',0,1,'1982-06-20 00:54:40','2020-11-26 22:22:21'),(16,47,93,'Magnam dolorum quia adipisci harum aliquam. Ut et aut tenetur sed dolorem. Reprehenderit voluptatem impedit soluta culpa. Provident et qui molestias accusamus tempore sequi quia excepturi. Iure sapiente aliquam ut numquam ipsa qui.',0,0,'1972-01-15 19:25:26','2020-11-26 22:22:21'),(17,23,35,'Ut quia consequatur odit et consequuntur quae porro. Laborum deserunt eos velit ea ducimus a. Ut id architecto ratione quia facilis ut ad.',1,1,'2006-12-04 13:22:41','2020-11-26 22:22:21'),(18,6,25,'Autem odit impedit perferendis nulla. Quo vitae qui sunt suscipit iusto. Veniam dolores quaerat aut. Voluptatum consequuntur harum mollitia totam.',0,1,'2005-02-28 03:11:56','2020-11-26 22:22:21'),(19,8,65,'A praesentium eos aliquid aut. Quos non incidunt beatae et asperiores quasi possimus. Et et commodi reiciendis qui illo exercitationem sit.',1,0,'1976-06-04 16:42:11','2020-11-26 22:22:21'),(20,99,1,'Facilis enim sint cum voluptatem aut atque molestiae. Quaerat et voluptas enim voluptate omnis cupiditate non fuga. Necessitatibus iste non ut qui facere. Quo fugit aut reiciendis deleniti necessitatibus.',0,1,'1994-04-24 04:09:21','2020-11-26 22:22:21'),(21,9,39,'Tenetur labore dignissimos eligendi dicta nostrum. Aliquam repudiandae cumque laborum. Excepturi eos iusto quasi est exercitationem.',1,0,'2009-02-08 09:06:26','2020-11-26 22:22:21'),(22,67,17,'Accusantium error dolorem et ab amet quis. Magnam molestias vitae dolor nisi quia. Ut ut voluptatem suscipit totam porro nostrum quae voluptas. Corporis voluptas qui ad ipsum.',0,0,'1997-03-05 23:19:39','2020-11-26 22:22:21'),(23,85,74,'Accusantium qui dolorem ullam omnis nulla reiciendis. Tempora excepturi animi iste asperiores culpa sunt vero. Quas harum dicta numquam cumque aspernatur voluptatum. Omnis voluptatem velit recusandae doloribus impedit rerum. Commodi soluta et nemo qui molestiae fugiat ea.',1,1,'1975-09-12 18:55:35','2020-11-26 22:22:21'),(24,13,45,'Ipsum cumque iusto exercitationem. Vel repudiandae corporis aut amet aut et. Ab reprehenderit aut tenetur architecto rerum voluptas nihil.',0,1,'2008-12-26 04:50:46','2020-11-26 22:22:21'),(25,84,86,'Explicabo qui perferendis facilis quia est et. Officiis eligendi omnis corporis tempore quibusdam maxime occaecati.',1,1,'2004-07-29 08:42:44','2020-11-26 22:22:21'),(26,78,31,'Accusamus explicabo officia eos quasi. Iure nostrum mollitia fugiat possimus vel ab impedit. Omnis sunt excepturi dolorem vel.',1,1,'1996-02-10 06:22:32','2020-11-26 22:22:21'),(27,22,15,'Quas sint ut autem amet fugit voluptatem cupiditate aut. Quis corrupti dolores laborum quasi. Quod quas et molestiae modi et est enim quasi. Illo corporis sit et ipsa doloremque blanditiis.',1,1,'2020-05-27 04:37:44','2020-11-26 22:22:21'),(28,8,94,'Labore sunt voluptas assumenda dolores et atque. Magnam voluptatem ab officiis laudantium adipisci. Eveniet velit et voluptatibus provident quia aliquid est. Dolorem voluptatibus dolores eaque labore.',1,0,'2012-10-08 04:47:30','2020-11-26 22:22:21'),(29,45,45,'Reiciendis laudantium dolorem alias dolor delectus amet. Nisi consequuntur eum ab mollitia rerum dignissimos. Qui earum aut ipsum a quidem. Et et aliquid vel.',1,1,'2013-12-29 14:18:32','2020-11-26 22:22:21'),(30,87,99,'Molestiae aperiam aliquam architecto voluptatem sequi dicta et. At in totam soluta est. Similique dolorem est sit dolore praesentium sed magnam. Id sint molestiae dolorem numquam aut rerum.',1,1,'1982-01-08 10:54:46','2020-11-26 22:22:21'),(31,36,79,'Molestiae consequatur numquam molestiae et sit ut qui impedit. Eveniet animi excepturi aut et doloremque repellat error. Sapiente quo ut voluptatem porro excepturi.',0,0,'1976-09-23 11:34:24','2020-11-26 22:22:21'),(32,90,12,'Rem ratione earum velit optio molestias. Natus enim est porro necessitatibus deleniti libero.',1,0,'2020-07-02 12:33:42','2020-11-26 22:22:21'),(33,87,100,'Sit numquam maxime est reprehenderit quas aut doloremque. Mollitia quia magnam dicta ipsum nesciunt voluptate. Impedit quidem aut autem quia eius.',1,0,'1994-09-03 05:46:10','2020-11-26 22:22:21'),(34,39,94,'Earum nemo nostrum sunt assumenda ut vitae consequatur. Autem similique architecto sed accusamus corrupti. Eveniet qui illo et. Nihil voluptatibus dolor possimus corporis eum.',0,0,'1989-08-08 10:31:13','2020-11-26 22:22:21'),(35,55,89,'Repellendus rerum quas sit aut ut vel autem. Odit et odit est praesentium nobis ad deserunt. Voluptatibus sint itaque impedit. Nemo recusandae provident sint sint exercitationem suscipit est.',1,0,'1984-10-12 02:27:14','2020-11-26 22:22:21'),(36,81,39,'Similique nihil qui asperiores commodi. Ut voluptatem architecto est.',0,0,'1976-01-27 19:29:14','2020-11-26 22:22:21'),(37,50,32,'Voluptas mollitia voluptates aspernatur voluptas iure. Eius earum enim sunt doloribus labore et. Libero sit occaecati mollitia delectus. Deserunt voluptates non enim.',1,1,'1970-01-28 21:17:04','2020-11-26 22:22:21'),(38,9,47,'Enim neque aliquam aliquam cumque animi ducimus. Perspiciatis nobis quia amet rerum aut quo voluptatibus. Voluptatem officia a quas in rem odio omnis. Consequatur nihil amet doloremque aut sed recusandae.',1,0,'2017-01-22 23:47:09','2020-11-26 22:22:21'),(39,11,11,'Molestiae quia qui et. Quae iusto ab non totam est et sunt. Totam qui magnam illo repellat in adipisci vitae.',0,0,'1980-03-10 20:29:59','2020-11-26 22:22:21'),(40,24,87,'Eos eos distinctio optio maiores minima rerum. Itaque at aut illo officia sint alias. Sunt nobis voluptatibus deserunt qui consequatur est maxime. Natus esse quia ipsa ut.',1,1,'1984-10-21 05:13:45','2020-11-26 22:22:21'),(41,60,37,'Enim nihil aut sapiente velit. Quae exercitationem minima quia perferendis eum. Recusandae commodi est et qui aut. Voluptatem voluptas dolores reiciendis fugiat sunt enim beatae. Exercitationem ad molestiae velit itaque.',1,1,'1985-12-03 03:32:33','2020-11-26 22:22:21'),(42,8,26,'Maiores quis quis et enim rerum vitae adipisci. Cupiditate quisquam voluptate nulla placeat et. Voluptatem nam ullam odit voluptas ducimus rem ut.',1,0,'1976-10-13 01:35:54','2020-11-26 22:22:21'),(43,5,48,'Id magni illum veritatis est cupiditate autem. Accusantium beatae fugiat enim in. Quo cumque vero excepturi ea iure maxime perspiciatis. Dolorem nesciunt voluptates numquam temporibus dolores et eaque. Nihil commodi porro minima consequatur occaecati quos cupiditate.',1,0,'1982-04-14 00:51:58','2020-11-26 22:22:21'),(44,23,69,'Unde quia nemo minus qui amet eaque voluptatem dolor. Est sit dolorem et dolores. Voluptatibus corporis amet mollitia.',1,0,'2001-06-24 10:55:18','2020-11-26 22:22:21'),(45,79,87,'Ut animi voluptatibus pariatur dolor. Ipsum et dolorum tenetur accusantium magnam nemo. Laborum deleniti quisquam consequatur enim velit ut nesciunt facere.',1,0,'2018-07-24 00:24:01','2020-11-26 22:22:21'),(46,97,22,'Minima maiores illum ut veritatis reprehenderit est adipisci tempore. Tempore iure temporibus amet quis dolorum. Aliquid laborum inventore quia sed. Officiis et ea vero incidunt vel atque recusandae. Recusandae molestiae incidunt non cupiditate non ut.',0,0,'1982-06-30 14:00:14','2020-11-26 22:22:21'),(47,20,32,'Voluptatem consequatur facilis natus ducimus velit velit et. Deserunt a omnis iusto cum eum et molestiae. Molestiae adipisci corrupti eum eum aliquam neque eos unde. Aut reiciendis aliquid autem nobis voluptate nulla veritatis.',1,1,'1980-02-24 16:27:36','2020-11-26 22:22:21'),(48,100,3,'Enim iste alias nemo consequatur aperiam. Dolor modi mollitia voluptatem esse. Suscipit eos expedita aperiam maxime eligendi. Nihil velit quis vitae velit dolorem vel. Odio expedita alias vel eaque vero quaerat.',1,0,'2005-08-30 11:40:49','2020-11-26 22:22:21'),(49,14,59,'Sapiente rerum quisquam dolores qui. Ea rerum et consequatur voluptatem alias assumenda. Officiis voluptatem et asperiores. A enim non et.',0,1,'1995-04-13 15:30:58','2020-11-26 22:22:21'),(50,55,99,'Et repellat minus voluptatibus aliquam in aperiam. Cum molestiae doloremque quia corrupti possimus deleniti est.',0,0,'2001-01-31 04:48:33','2020-11-26 22:22:21'),(51,27,39,'Eum ducimus ullam impedit pariatur tenetur aut. Porro ut laboriosam fugit enim aut molestiae. Suscipit dolore nihil ut asperiores. Inventore culpa ullam nihil accusamus consectetur.',1,0,'1985-10-30 07:26:52','2020-11-26 22:22:21'),(52,13,46,'Sed id eligendi tenetur qui est iure alias. In voluptatum et maxime libero fugit ducimus harum sequi. Rerum consectetur repellat et in iste cum.',1,0,'1976-09-23 01:02:06','2020-11-26 22:22:21'),(53,93,24,'Dolor est voluptatem vero quisquam voluptatem. Dolor quo voluptas ipsam qui. Minus aut ipsum minus voluptatibus et non sed et. Optio dolorum vel est officiis incidunt.',1,0,'2015-08-02 08:47:57','2020-11-26 22:22:21'),(54,43,39,'Omnis ullam vitae sequi quia est. Error et quia est ipsa deserunt omnis. Culpa quibusdam qui odio. Vel alias officiis iure aut.',1,1,'1995-01-21 17:01:31','2020-11-26 22:22:21'),(55,69,26,'Impedit blanditiis sed qui. Voluptatem animi in vero et architecto. Voluptatem sit voluptatem omnis adipisci.',0,1,'2017-10-18 07:10:38','2020-11-26 22:22:21'),(56,21,27,'Saepe inventore debitis culpa officia. Asperiores commodi facere est. Quia dolores hic fuga consectetur occaecati. A nostrum dolore facere quisquam.',0,0,'2018-08-23 18:59:31','2020-11-26 22:22:21'),(57,71,72,'Rem quis nemo amet aliquam dicta consequatur quas. Ad ea dignissimos quas fugiat placeat quo voluptate. Sed earum sit iure reprehenderit non. Possimus accusamus quae cumque nam.',1,1,'1986-09-19 04:10:32','2020-11-26 22:22:21'),(58,49,29,'Quae impedit libero hic reiciendis voluptate sed tenetur. Quas blanditiis nesciunt doloremque ex.',0,0,'1992-12-20 21:04:54','2020-11-26 22:22:21'),(59,98,2,'Autem aut omnis distinctio debitis. Ut ut officiis corporis. Quas sed inventore aliquid ratione nisi dolorum. Consequatur voluptas dolorem aut.',1,0,'2003-08-27 19:09:41','2020-11-26 22:22:21'),(60,15,68,'Minima ipsam aliquam et. Ad et cum perferendis in natus praesentium.',0,1,'2005-10-07 08:13:55','2020-11-26 22:22:21'),(61,95,72,'Ipsam debitis repellendus nulla ut nemo fuga sequi. Voluptatem iste repellendus sunt qui et. Tempora sit repudiandae ut saepe. Tenetur fugiat et vel in earum dolorem illo eius.',1,1,'1996-04-14 15:13:34','2020-11-26 22:22:21'),(62,73,47,'Est aspernatur est itaque optio maiores expedita. Quidem itaque qui nisi blanditiis et. In ut harum rem ducimus qui atque voluptatum. Animi maiores recusandae consectetur nesciunt sed molestiae expedita laboriosam.',1,0,'1976-07-12 09:47:46','2020-11-26 22:22:21'),(63,18,49,'Eum earum perferendis voluptatem qui voluptatem in. Possimus omnis nemo optio ipsa. Aspernatur libero odit laborum eum aperiam numquam non. Omnis sunt et quas explicabo commodi.',1,1,'1993-11-19 14:09:53','2020-11-26 22:22:21'),(64,89,96,'Saepe officia a corrupti esse optio ut facere doloribus. Rerum nam non doloremque natus quia. Magnam maiores quia qui sed. Aut sint molestias repellat sunt maxime.',0,0,'1970-01-29 16:03:40','2020-11-26 22:22:21'),(65,15,88,'Est expedita asperiores delectus. Sequi unde corporis consectetur odit enim eos corrupti. Neque odio est reiciendis fugit odit eos. Nisi in similique doloribus.',0,0,'2002-12-31 13:44:23','2020-11-26 22:22:21'),(66,92,95,'Aut dolorem alias qui. Laboriosam laudantium tempore sunt quas quis quo est. Repudiandae minus perferendis voluptate omnis laborum.',0,1,'1996-11-03 04:43:20','2020-11-26 22:22:21'),(67,1,18,'Harum harum dolores maxime eum. Sit aspernatur enim exercitationem eligendi eligendi dolorem. Incidunt omnis accusantium asperiores repellendus quos ipsa.',0,1,'2012-12-18 14:14:09','2020-11-26 22:22:21'),(68,86,78,'Debitis aut natus ad eum quis ratione repellat. Quae magni debitis enim neque beatae. Vero voluptatem quasi dolores autem eaque et. Quas rem aut nihil.',0,1,'1982-06-02 13:20:17','2020-11-26 22:22:21'),(69,29,9,'Omnis et dolorem et illo sint. Incidunt quasi nisi quia expedita dolores quos et facere. Quia ea nihil quam repudiandae voluptatem.',1,0,'2011-03-18 00:44:24','2020-11-26 22:22:21'),(70,61,77,'Ea aliquam ipsa sit. Neque non hic maxime eaque est. Laudantium aut et expedita aut.',1,0,'1989-11-06 09:45:09','2020-11-26 22:22:21'),(71,100,68,'Repudiandae minus eos sint est necessitatibus est. Sit earum quia eos ut laudantium est blanditiis. Dolorem et consequatur est libero. Voluptas vel dolorum aut temporibus reiciendis autem.',1,0,'2009-11-23 02:19:47','2020-11-26 22:22:21'),(72,39,91,'Asperiores neque ut natus in cumque et culpa. Fugiat vel velit quibusdam est quia et nihil. Omnis non sed sit quo cum.',1,0,'1980-04-06 11:52:32','2020-11-26 22:22:21'),(73,36,9,'Odio impedit pariatur inventore omnis. Quis inventore placeat ex sed placeat non. Nulla architecto ad nemo est totam inventore soluta. Non est facere cupiditate modi nemo qui.',0,1,'1993-04-13 13:25:53','2020-11-26 22:22:21'),(74,37,56,'Distinctio magnam et aut eum. Quos nihil vitae et sunt. Et cum impedit provident. Molestiae sed tenetur facere excepturi quae.',0,1,'2015-09-11 17:03:07','2020-11-26 22:22:21'),(75,67,67,'Qui impedit pariatur ipsum quis nihil et quibusdam. Nihil perspiciatis debitis et laborum. Repudiandae dolor iste sunt sit corporis. Ipsa et enim ullam commodi voluptatibus ipsum sunt aut.',0,0,'1972-03-18 06:40:50','2020-11-26 22:22:21'),(76,34,67,'Quaerat illum doloribus est accusantium non. A aspernatur et tenetur nemo. Sequi perferendis esse voluptas consequatur aliquid eveniet et.',1,0,'2018-11-13 11:34:48','2020-11-26 22:22:21'),(77,34,68,'Eos minima aliquam perspiciatis dolorem fuga aut enim sed. Alias saepe autem modi accusantium laudantium. Sed sed assumenda asperiores sint quisquam optio. Soluta voluptas modi modi et deserunt.',0,1,'1982-04-23 08:59:33','2020-11-26 22:22:21'),(78,36,75,'Enim rerum consequatur neque qui. Sequi molestiae quidem porro ipsum dolorem ex voluptatum. Ea cumque repellendus quis modi nostrum.',0,0,'1973-06-06 02:54:01','2020-11-26 22:22:21'),(79,66,5,'Error reiciendis quia dolorem sit. Sed rerum tempore voluptas aut a. Eos ipsam officia ad illum. Fuga autem quisquam autem inventore reprehenderit distinctio repellat.',1,0,'2000-01-13 18:38:42','2020-11-26 22:22:21'),(80,27,21,'Et aut enim sunt et error accusantium in. Dolorem ex unde cum omnis qui hic blanditiis dignissimos. Aut ad exercitationem est doloremque.',0,1,'2020-10-04 20:06:41','2020-11-26 22:22:21'),(81,21,44,'Adipisci eligendi excepturi consequatur amet autem praesentium. Animi iure voluptates ullam quia odio enim id nesciunt. Numquam enim laudantium sed eius quas. Perferendis cupiditate ipsum aperiam quidem vel.',0,0,'1981-12-22 05:24:16','2020-11-26 22:22:21'),(82,58,54,'Eos et non sint quibusdam eligendi facere. Officiis at illum architecto nostrum et doloremque. Molestiae perspiciatis suscipit voluptates dolorem amet optio impedit. Eveniet cumque eos et est similique.',0,1,'2003-02-17 11:47:33','2020-11-26 22:22:21'),(83,96,18,'Sed reprehenderit cupiditate quia omnis iure molestiae ex. Omnis perferendis dicta nisi est dolorum aspernatur. Ut et ratione quod voluptatem excepturi. Architecto voluptatem cupiditate dicta explicabo porro consequuntur.',0,1,'1975-07-03 11:26:42','2020-11-26 22:22:21'),(84,3,61,'Illum corporis libero ea atque occaecati adipisci. Temporibus tempora perspiciatis rem magnam dolorum itaque. Ab accusamus dolorum eius. Omnis rerum perferendis non assumenda dicta.',1,0,'1970-11-10 10:30:07','2020-11-26 22:22:21'),(85,94,87,'Temporibus facere et quia voluptas exercitationem. Et molestiae sit nemo et quae modi impedit ullam. Ut laborum dignissimos fugit impedit.',0,1,'1974-01-15 01:07:00','2020-11-26 22:22:21'),(86,54,7,'Et magnam commodi quisquam doloremque sint. Quos eaque nesciunt enim fuga illo facere commodi. Quis quibusdam cum consequuntur. Ullam est veniam occaecati voluptas.',0,0,'2009-06-02 01:55:01','2020-11-26 22:22:21'),(87,72,39,'A enim eius ducimus hic. Et expedita aliquam asperiores officia dolorem aspernatur inventore. Est ipsum sint et libero. Qui sit consequuntur cum vero dicta. Sint et id soluta voluptas et voluptatem repellat.',1,1,'2019-11-18 12:57:55','2020-11-26 22:22:21'),(88,78,75,'Ipsa culpa architecto aut consequatur. Dicta odio deserunt maiores minus voluptates assumenda dolores. Sit nisi nostrum ut atque sint error assumenda qui.',0,0,'1975-01-03 21:50:50','2020-11-26 22:22:21'),(89,38,64,'Unde quis ullam omnis. Quasi minima ea id aliquam rerum ipsa iure. Ullam quaerat aut omnis. Ea explicabo quia reprehenderit est.',1,0,'1979-03-21 21:14:51','2020-11-26 22:22:21'),(90,8,46,'Autem qui distinctio dignissimos quo ratione qui natus. Minima debitis sequi sunt qui nihil quod ipsum iure. Quis doloremque sapiente est quisquam dolor.',0,0,'2014-11-03 17:10:53','2020-11-26 22:22:21'),(91,4,84,'Laboriosam labore sint quasi odio itaque voluptas. Sit sed esse voluptatem earum quia. Voluptatem rem nostrum nostrum quia consequuntur omnis dolorem et.',0,1,'1994-05-02 20:46:53','2020-11-26 22:22:21'),(92,6,79,'Ut error ratione adipisci atque voluptatum officia cumque. Ut eos aut nihil assumenda voluptates eum aut. Corrupti qui ab quod consequatur et dolores ab quos. Sed est omnis doloribus et nemo perspiciatis qui et.',0,1,'2011-12-29 21:04:21','2020-11-26 22:22:21'),(93,76,42,'Culpa quia nostrum et blanditiis provident aut. Dolor maxime quis commodi omnis impedit. Molestiae repudiandae qui aliquam exercitationem. Sit et et beatae eveniet vitae dolor.',1,1,'1994-03-18 11:51:00','2020-11-26 22:22:21'),(94,84,90,'Ex qui corrupti rerum corporis. Maxime rerum sit in molestiae omnis. Dolore sit quo veniam ab.',1,0,'1971-10-17 21:22:07','2020-11-26 22:22:21'),(95,100,28,'Labore non occaecati nesciunt recusandae. Nam eaque dignissimos recusandae officia. Nostrum voluptatibus error voluptas adipisci consequatur maxime. Expedita tempora tempora omnis maxime expedita ullam autem.',1,0,'2006-11-26 20:35:16','2020-11-26 22:22:21'),(96,40,17,'Nihil odit sit dolorum doloribus non sapiente. Architecto sequi pariatur modi non harum accusantium occaecati occaecati. Debitis consequatur vitae sed provident qui assumenda.',0,1,'2001-07-20 07:37:42','2020-11-26 22:22:21'),(97,66,75,'Consequuntur officiis minus qui numquam. Sit impedit odit illum facere. Iste corporis numquam non illum adipisci. Vel praesentium quas autem odit est.',0,0,'2006-02-05 17:55:15','2020-11-26 22:22:21'),(98,77,59,'Consequatur deserunt soluta totam libero praesentium et. Nihil eum molestiae aut accusantium omnis vel officiis. Nostrum et tempora sequi cupiditate commodi. Similique quo magni et esse voluptas.',0,1,'1978-03-10 22:01:37','2020-11-26 22:22:21'),(99,66,51,'Est unde modi quisquam rem veritatis enim. Qui tempora id corrupti libero dicta modi ea. Eveniet consectetur vel sapiente accusamus hic veritatis sunt esse. Dolor corrupti fuga praesentium nemo quam.',0,0,'1973-10-15 03:47:51','2020-11-26 22:22:21'),(100,56,25,'Repellendus laborum debitis necessitatibus voluptatem nam ipsa. Occaecati sit delectus eligendi consequatur quisquam natus fuga sed. Perferendis corporis voluptates sapiente officia.',1,1,'2010-06-09 09:50:55','2020-11-26 22:22:21');
/*!40000 ALTER TABLE `messages` ENABLE KEYS */;
UNLOCK TABLES;

--
-- Table structure for table `submissions`
--

DROP TABLE IF EXISTS `submissions`;
/*!40101 SET @saved_cs_client     = @@character_set_client */;
/*!50503 SET character_set_client = utf8mb4 */;
CREATE TABLE `submissions` (
  `id` int unsigned NOT NULL AUTO_INCREMENT COMMENT 'Идентификатор строки',
  `user_id` int unsigned NOT NULL COMMENT 'Ссылка на групу или пользователя, который сделал публикацию',
  `media_id` int unsigned DEFAULT NULL COMMENT 'Ссылка на возможно прикрепленный медиафайл',
  `created_at` datetime DEFAULT CURRENT_TIMESTAMP COMMENT 'Время создания строки',
  `updated_at` datetime DEFAULT CURRENT_TIMESTAMP ON UPDATE CURRENT_TIMESTAMP COMMENT 'Время обновления строки',
  PRIMARY KEY (`id`)
) ENGINE=InnoDB AUTO_INCREMENT=101 DEFAULT CHARSET=utf8 COLLATE=utf8_unicode_ci COMMENT='Список публикаций пользователей';
/*!40101 SET character_set_client = @saved_cs_client */;

--
-- Dumping data for table `submissions`
--

LOCK TABLES `submissions` WRITE;
/*!40000 ALTER TABLE `submissions` DISABLE KEYS */;
INSERT INTO `submissions` VALUES (1,1,1,'2011-10-31 10:22:06','1998-04-11 11:18:00'),(2,2,2,'1997-12-11 21:00:03','2010-11-24 14:27:52'),(3,3,3,'1999-05-17 15:21:30','1970-05-29 10:15:06'),(4,4,4,'1972-10-02 07:58:13','1973-06-26 11:57:29'),(5,5,5,'1970-12-13 18:01:45','1984-12-10 23:13:44'),(6,6,6,'2017-11-26 20:47:33','1991-11-24 04:12:44'),(7,7,7,'2012-05-16 05:26:32','2002-05-25 12:08:02'),(8,8,8,'2011-10-05 13:51:53','1998-04-05 20:01:38'),(9,9,9,'2010-10-15 19:25:44','1970-04-10 12:16:07'),(10,10,10,'2003-04-05 11:27:58','2007-06-04 02:01:23'),(11,11,11,'2020-05-01 19:03:07','1982-10-15 21:09:04'),(12,12,12,'1987-12-14 13:07:11','2009-12-14 14:40:50'),(13,13,13,'1996-10-26 18:58:32','1980-05-02 15:45:50'),(14,14,14,'2001-03-13 12:02:37','1998-10-04 16:58:09'),(15,15,15,'2004-03-30 14:51:15','2009-09-14 23:42:37'),(16,16,16,'1997-11-26 01:08:24','1982-09-04 14:59:08'),(17,17,17,'2020-02-15 20:53:36','1997-09-20 23:21:35'),(18,18,18,'1974-08-01 09:37:10','2009-04-12 14:40:07'),(19,19,19,'2009-06-30 11:56:41','1978-07-06 14:53:23'),(20,20,20,'2000-10-10 11:33:20','1993-04-21 06:41:54'),(21,21,21,'2010-11-29 23:30:07','1976-08-05 01:18:47'),(22,22,22,'1990-01-18 07:21:09','2001-03-30 01:01:41'),(23,23,23,'1979-01-01 17:49:01','1972-11-28 03:28:34'),(24,24,24,'1985-05-15 15:56:25','2005-11-26 22:08:25'),(25,25,25,'1988-07-26 12:18:15','1972-08-12 15:43:05'),(26,26,26,'2018-09-04 16:36:58','2017-09-24 09:24:59'),(27,27,27,'2007-09-01 04:56:29','1994-07-24 09:41:11'),(28,28,28,'2020-10-20 14:53:32','2013-08-05 15:54:07'),(29,29,29,'1991-12-04 08:51:12','2006-09-30 10:59:44'),(30,30,30,'2001-07-03 21:50:56','1981-04-08 17:19:54'),(31,31,31,'1991-12-18 16:20:24','1970-04-23 03:22:20'),(32,32,32,'2018-11-16 17:14:06','2014-05-04 03:22:03'),(33,33,33,'1985-05-20 14:47:41','1987-12-29 01:58:29'),(34,34,34,'1995-12-15 09:58:05','1983-12-11 06:02:59'),(35,35,35,'2019-08-26 22:48:13','1992-09-02 05:13:36'),(36,36,36,'1971-06-19 05:20:00','1978-12-18 00:58:45'),(37,37,37,'1991-04-12 09:53:30','2001-01-21 12:29:32'),(38,38,38,'2014-10-08 16:47:34','2012-08-24 17:31:43'),(39,39,39,'2004-03-18 03:35:52','2019-07-23 07:52:40'),(40,40,40,'2018-05-27 16:23:55','1981-04-21 06:12:25'),(41,41,41,'2009-06-05 21:55:43','1983-06-13 06:42:26'),(42,42,42,'1996-09-10 03:28:53','1985-05-28 23:47:36'),(43,43,43,'2010-10-06 01:06:39','1991-10-03 18:43:30'),(44,44,44,'1978-09-27 02:48:08','1988-08-05 14:11:12'),(45,45,45,'1997-01-29 07:02:34','2008-02-21 02:33:48'),(46,46,46,'1993-05-02 22:20:02','1986-05-10 22:11:33'),(47,47,47,'2018-07-08 21:58:43','2007-10-09 14:11:51'),(48,48,48,'1995-01-28 10:06:18','2015-06-16 21:35:58'),(49,49,49,'2000-03-01 22:01:13','1975-06-12 00:44:55'),(50,50,50,'1997-01-17 10:58:22','1999-03-19 01:06:16'),(51,51,51,'1996-09-09 19:39:24','1971-01-18 21:35:51'),(52,52,52,'2018-04-13 04:19:14','2007-10-17 04:36:26'),(53,53,53,'1996-04-26 12:50:23','2005-12-24 17:49:11'),(54,54,54,'2007-11-10 07:12:37','1990-03-29 03:51:47'),(55,55,55,'2018-01-30 22:15:03','1977-03-15 01:53:35'),(56,56,56,'2018-09-14 09:54:59','1995-10-01 16:05:14'),(57,57,57,'1990-03-05 07:24:06','2019-10-22 08:07:29'),(58,58,58,'1988-08-06 23:24:53','1986-01-25 15:36:05'),(59,59,59,'1977-01-20 03:01:43','1979-08-04 04:29:59'),(60,60,60,'1986-03-04 05:46:29','1980-03-13 10:08:50'),(61,61,61,'2001-04-09 20:04:17','2010-06-19 12:33:51'),(62,62,62,'2015-11-29 12:52:20','1986-02-27 16:22:18'),(63,63,63,'2020-01-15 00:49:35','1973-08-18 06:37:06'),(64,64,64,'1998-08-16 04:43:50','1999-02-21 01:37:21'),(65,65,65,'1974-04-01 21:19:52','2016-03-09 00:17:42'),(66,66,66,'2015-09-22 21:21:40','1972-07-06 05:19:57'),(67,67,67,'1979-06-15 02:09:02','2017-10-07 01:15:19'),(68,68,68,'1977-10-10 23:12:03','1986-01-05 07:51:43'),(69,69,69,'1983-05-19 08:11:07','1989-06-16 03:08:16'),(70,70,70,'1996-06-01 13:19:22','1982-03-20 10:35:27'),(71,71,71,'2003-05-25 02:19:22','1980-05-04 05:13:35'),(72,72,72,'1971-08-19 03:27:43','2017-07-17 04:03:44'),(73,73,73,'1982-10-19 18:23:52','1993-11-21 16:57:52'),(74,74,74,'2013-10-17 14:16:11','1983-12-05 23:48:54'),(75,75,75,'2006-07-31 09:52:50','2008-09-05 15:20:48'),(76,76,76,'1984-02-03 02:30:29','2003-05-29 02:11:43'),(77,77,77,'1989-01-07 09:47:26','2010-06-28 03:36:26'),(78,78,78,'1994-05-12 11:02:38','1976-11-09 06:52:43'),(79,79,79,'1971-08-25 10:26:37','2016-10-20 13:06:04'),(80,80,80,'1987-11-01 10:18:24','2005-10-22 01:09:02'),(81,81,81,'1985-07-26 21:19:49','1986-11-10 00:49:36'),(82,82,82,'1979-06-07 12:45:06','1973-07-11 21:16:46'),(83,83,83,'2015-07-08 05:23:20','1980-10-06 07:18:57'),(84,84,84,'2015-01-21 18:10:02','1974-05-31 21:44:45'),(85,85,85,'2019-01-10 17:33:51','1979-04-15 00:33:41'),(86,86,86,'1987-07-07 03:59:35','2019-01-27 18:34:49'),(87,87,87,'2018-02-15 02:50:28','2016-02-03 11:50:38'),(88,88,88,'1992-04-07 00:53:19','1974-07-08 16:33:37'),(89,89,89,'2020-11-05 15:28:34','2013-04-06 01:04:31'),(90,90,90,'1998-11-17 22:30:46','1993-05-26 22:28:28'),(91,91,91,'2016-12-28 00:06:16','1978-09-28 14:32:04'),(92,92,92,'1999-07-19 06:28:58','1983-12-23 06:50:38'),(93,93,93,'1979-08-30 21:13:48','1992-07-21 04:37:16'),(94,94,94,'1987-05-26 16:54:06','1978-05-27 13:26:46'),(95,95,95,'2020-11-05 13:42:12','1996-05-11 09:56:00'),(96,96,96,'1993-08-13 11:10:39','1978-03-16 21:16:23'),(97,97,97,'2006-02-27 19:42:06','1998-01-01 00:37:53'),(98,98,98,'1981-05-20 17:41:31','1974-06-08 04:27:17'),(99,99,99,'1998-01-17 04:05:22','1995-12-22 06:00:20'),(100,100,100,'1988-04-29 19:39:09','1981-05-13 07:12:14');
/*!40000 ALTER TABLE `submissions` ENABLE KEYS */;
UNLOCK TABLES;

--
-- Table structure for table `user_profiles`
--

DROP TABLE IF EXISTS `user_profiles`;
/*!40101 SET @saved_cs_client     = @@character_set_client */;
/*!50503 SET character_set_client = utf8mb4 */;
CREATE TABLE `user_profiles` (
  `user_id` int unsigned NOT NULL COMMENT 'Ссылка на пользователя',
  `gender` char(1) CHARACTER SET utf8 COLLATE utf8_unicode_ci NOT NULL COMMENT 'Пол',
  `birthday` date DEFAULT NULL COMMENT 'Дата рождения',
  `photo_id` int unsigned DEFAULT NULL COMMENT 'Ссылка на основную фотографию пользователя',
  `status_id` int unsigned DEFAULT NULL,
  `city_id` int unsigned NOT NULL COMMENT 'Ссылка на страну проживания',
  `country_id` int unsigned NOT NULL COMMENT 'Ссылка на город проживания',
  `created_at` datetime DEFAULT CURRENT_TIMESTAMP COMMENT 'Время создания строки',
  `updated_at` datetime DEFAULT CURRENT_TIMESTAMP ON UPDATE CURRENT_TIMESTAMP COMMENT 'Время обновления строки',
  PRIMARY KEY (`user_id`)
) ENGINE=InnoDB DEFAULT CHARSET=utf8 COLLATE=utf8_unicode_ci COMMENT='Профили';
/*!40101 SET character_set_client = @saved_cs_client */;

--
-- Dumping data for table `user_profiles`
--

LOCK TABLES `user_profiles` WRITE;
/*!40000 ALTER TABLE `user_profiles` DISABLE KEYS */;
INSERT INTO `user_profiles` VALUES (1,'m','2007-09-24',52,82,0,899867,'2004-01-08 05:22:34','2020-11-26 22:11:43'),(2,'f','2013-09-23',14,18,72,0,'1975-04-23 09:39:41','2020-11-26 22:11:43'),(3,'m','1997-05-25',14,44,57922,98,'2011-04-27 18:29:02','2020-11-26 22:11:43'),(4,'f','1995-01-14',27,66,171,8,'1979-11-07 02:13:18','2020-11-26 22:11:43'),(5,'f','1978-08-16',94,97,1276325,145692,'2011-12-08 07:21:40','2020-11-26 22:11:43'),(6,'m','2009-10-16',88,87,3,2582,'1977-02-17 02:23:37','2020-11-26 22:11:43'),(7,'m','1988-04-22',57,45,4692,30052861,'2017-11-24 05:30:16','2020-11-26 22:11:43'),(8,'f','1975-08-15',22,62,74606,12284,'2015-03-18 15:03:30','2020-11-26 22:11:43'),(9,'m','1974-01-22',39,75,4936,96,'2017-11-21 09:42:18','2020-11-26 22:11:43'),(10,'f','1982-11-29',27,90,67531904,71,'1992-02-13 12:52:18','2020-11-26 22:11:43'),(11,'m','2020-05-18',17,24,658727,919838,'1999-11-17 18:31:41','2020-11-26 22:11:43'),(12,'f','1977-09-11',3,51,710,32524,'2006-04-20 15:00:02','2020-11-26 22:11:43'),(13,'f','1978-04-07',62,82,1438641,3,'2017-06-11 16:09:17','2020-11-26 22:11:43'),(14,'f','2001-01-18',4,55,916041502,689157,'1992-07-27 08:59:27','2020-11-26 22:11:43'),(15,'m','2017-08-07',31,27,1003,726917,'2002-05-02 01:47:04','2020-11-26 22:11:43'),(16,'f','1989-05-03',44,72,500139,94743320,'1977-08-27 23:41:04','2020-11-26 22:11:43'),(17,'f','1977-07-21',26,78,1764670,1,'1973-07-06 03:37:31','2020-11-26 22:11:43'),(18,'f','1973-02-03',100,73,18235455,956866,'2004-04-18 07:20:59','2020-11-26 22:11:43'),(19,'m','1972-07-07',18,30,53960,7,'2008-06-16 20:43:15','2020-11-26 22:11:43'),(20,'f','2011-09-10',89,30,1332065,7517,'1973-01-12 10:39:19','2020-11-26 22:11:43'),(21,'m','2007-12-04',93,61,36139,70784,'1999-01-31 13:19:04','2020-11-26 22:11:43'),(22,'m','1993-04-17',98,13,0,725124996,'1985-04-27 19:33:34','2020-11-26 22:11:43'),(23,'m','1978-03-20',10,82,387,7578,'1984-08-15 01:25:21','2020-11-26 22:11:43'),(24,'f','1987-10-26',55,72,439608469,6718,'1986-09-11 01:29:59','2020-11-26 22:11:43'),(25,'f','1998-07-29',46,15,28,59660641,'1982-12-21 06:45:17','2020-11-26 22:11:43'),(26,'f','1975-10-03',63,55,4526,259115,'2004-02-01 18:25:02','2020-11-26 22:11:43'),(27,'m','1984-07-16',76,32,556935,1233799,'1980-10-21 22:12:25','2020-11-26 22:11:43'),(28,'f','1987-11-15',89,92,73,0,'1971-05-23 13:23:50','2020-11-26 22:11:43'),(29,'f','2016-02-20',18,63,39971761,5874007,'1974-02-10 04:54:51','2020-11-26 22:11:43'),(30,'f','1988-10-03',24,42,571,769076,'1984-01-23 14:18:17','2020-11-26 22:11:43'),(31,'m','1978-10-14',66,17,9,72584,'2008-04-09 03:30:31','2020-11-26 22:11:43'),(32,'f','1975-09-23',58,61,9,3037807,'2020-09-15 23:26:31','2020-11-26 22:11:43'),(33,'m','1995-07-15',92,54,760094692,4,'2003-05-09 02:25:20','2020-11-26 22:11:43'),(34,'m','1990-01-17',83,86,6869092,64081,'1995-01-10 16:59:17','2020-11-26 22:11:43'),(35,'m','2008-05-19',42,69,498,5047040,'1976-04-23 14:41:22','2020-11-26 22:11:43'),(36,'m','1991-05-13',57,84,0,204152716,'2015-02-13 14:55:50','2020-11-26 22:11:43'),(37,'m','1994-04-30',59,13,2613261,94191958,'1974-04-10 04:23:23','2020-11-26 22:11:43'),(38,'f','1986-01-20',25,13,0,7318,'2007-10-14 06:44:32','2020-11-26 22:11:43'),(39,'m','1977-08-18',45,24,6724814,642,'1986-08-01 03:07:14','2020-11-26 22:11:43'),(40,'f','1985-01-04',50,80,0,26192651,'2017-02-10 00:23:32','2020-11-26 22:11:43'),(41,'m','2020-01-11',17,28,5577259,47,'2002-11-27 00:57:33','2020-11-26 22:11:43'),(42,'m','1985-12-03',32,99,9534,808372,'1974-09-05 10:07:00','2020-11-26 22:11:43'),(43,'f','1996-02-10',9,11,0,163,'2018-05-06 19:56:38','2020-11-26 22:11:43'),(44,'m','2000-01-17',47,56,169,797,'2001-10-12 09:36:54','2020-11-26 22:11:43'),(45,'m','1981-03-11',8,49,59181240,3,'1975-09-05 03:47:59','2020-11-26 22:11:43'),(46,'f','1995-01-24',97,74,879,327,'1974-11-09 16:46:53','2020-11-26 22:11:43'),(47,'m','1985-09-25',63,22,3,24058686,'1992-02-27 03:51:57','2020-11-26 22:11:43'),(48,'f','1977-10-13',21,87,8523,683548368,'1971-05-25 05:12:26','2020-11-26 22:11:43'),(49,'m','1975-02-20',16,68,91,871682,'1984-04-11 01:04:47','2020-11-26 22:11:43'),(50,'f','1972-12-31',17,78,4512729,99414,'1993-07-19 22:02:11','2020-11-26 22:11:43'),(51,'f','2002-11-14',35,85,18423,730057,'2020-02-12 18:43:42','2020-11-26 22:11:43'),(52,'f','2018-05-10',24,90,0,1422076,'1982-09-06 23:58:30','2020-11-26 22:11:43'),(53,'f','1999-05-12',17,94,140499349,8473,'2010-06-12 05:17:48','2020-11-26 22:11:43'),(54,'m','2002-12-27',11,100,48969757,461,'2008-01-19 09:55:45','2020-11-26 22:11:43'),(55,'f','2016-04-17',4,16,220,99106661,'1973-04-03 12:11:09','2020-11-26 22:11:43'),(56,'f','1988-10-21',85,81,468522,0,'2018-03-05 20:20:01','2020-11-26 22:11:43'),(57,'m','2013-07-16',12,58,45039428,0,'1992-03-31 09:42:47','2020-11-26 22:11:43'),(58,'f','1999-02-17',4,46,839,0,'1981-09-15 10:21:06','2020-11-26 22:11:43'),(59,'f','1989-10-19',83,54,4782,13872776,'1992-09-26 18:13:25','2020-11-26 22:11:43'),(60,'m','2003-08-19',5,32,67,0,'2015-10-12 15:53:56','2020-11-26 22:11:43'),(61,'m','1991-04-17',75,96,2034,4883,'2019-05-05 21:28:55','2020-11-26 22:11:43'),(62,'f','1984-10-18',61,83,4,928855024,'2011-04-20 01:43:22','2020-11-26 22:11:43'),(63,'f','2002-10-06',79,27,324340,4225452,'1984-04-21 06:16:34','2020-11-26 22:11:43'),(64,'f','2000-02-22',12,88,74380,6,'1990-10-18 22:52:12','2020-11-26 22:11:43'),(65,'f','2016-08-27',20,55,1,4312583,'1981-01-03 20:28:21','2020-11-26 22:11:43'),(66,'m','2004-04-13',67,13,4877,2530,'2003-10-27 03:39:57','2020-11-26 22:11:43'),(67,'m','1981-05-18',72,97,203008059,82564369,'1970-08-30 13:13:02','2020-11-26 22:11:43'),(68,'m','1995-08-12',61,46,3169946,365086949,'1998-06-12 04:35:47','2020-11-26 22:11:43'),(69,'m','2019-06-09',87,41,2805,0,'1996-06-21 21:24:45','2020-11-26 22:11:43'),(70,'f','1973-11-19',50,66,260144,0,'1982-05-14 03:33:24','2020-11-26 22:11:43'),(71,'f','2012-05-19',89,4,710,754,'1971-08-03 04:15:17','2020-11-26 22:11:43'),(72,'f','2019-10-04',93,24,287757,1190394,'1984-04-29 03:01:09','2020-11-26 22:11:43'),(73,'f','1998-12-06',1,7,1174,3837084,'1979-06-05 17:25:32','2020-11-26 22:11:43'),(74,'m','1971-08-06',24,64,5875,0,'1996-05-27 06:08:31','2020-11-26 22:11:43'),(75,'f','2006-11-04',15,99,8877128,184199,'2001-05-17 06:25:57','2020-11-26 22:11:43'),(76,'m','1980-07-28',5,99,826961267,80932,'2018-12-31 01:28:50','2020-11-26 22:11:43'),(77,'f','1973-04-07',81,100,253835171,48,'1970-01-19 12:23:13','2020-11-26 22:11:43'),(78,'m','2012-12-06',86,2,4913597,0,'2006-11-15 01:31:09','2020-11-26 22:11:43'),(79,'m','1976-09-09',87,9,918150,0,'1986-12-31 06:42:31','2020-11-26 22:11:43'),(80,'m','2010-05-17',78,40,8,3117,'2019-01-25 02:41:38','2020-11-26 22:11:43'),(81,'f','1971-03-28',26,70,13157848,294505159,'1982-12-01 22:55:53','2020-11-26 22:11:43'),(82,'m','2007-07-21',97,31,8807,9392265,'1971-04-10 19:02:53','2020-11-26 22:11:43'),(83,'f','1989-05-16',6,44,22103,18709517,'2008-04-14 20:16:36','2020-11-26 22:11:43'),(84,'m','1975-09-24',40,26,0,188809251,'1970-08-28 18:21:59','2020-11-26 22:11:43'),(85,'f','1997-04-22',79,98,0,3,'2016-10-06 06:24:26','2020-11-26 22:11:43'),(86,'m','2016-07-26',75,12,55,772,'2017-04-19 20:07:42','2020-11-26 22:11:43'),(87,'f','1988-09-19',36,64,130225361,51241657,'2003-09-28 06:58:40','2020-11-26 22:11:43'),(88,'m','1985-11-10',56,84,0,21889,'1998-07-16 18:55:30','2020-11-26 22:11:43'),(89,'f','1984-02-11',70,28,829126092,384736799,'1997-03-29 10:24:23','2020-11-26 22:11:43'),(90,'f','1976-04-07',80,89,41948714,419,'1977-08-21 19:08:36','2020-11-26 22:11:43'),(91,'f','1982-03-23',93,58,99138569,0,'2019-11-29 11:08:05','2020-11-26 22:11:43'),(92,'m','2002-11-22',24,23,3,366791184,'2004-06-27 17:48:08','2020-11-26 22:11:43'),(93,'m','1997-08-09',41,42,31716,73171,'2016-04-03 09:53:41','2020-11-26 22:11:43'),(94,'f','2009-01-29',32,42,6669,9,'2000-02-15 18:14:51','2020-11-26 22:11:43'),(95,'m','1974-07-19',36,80,165114406,836315,'2010-09-13 00:00:16','2020-11-26 22:11:43'),(96,'f','1997-12-12',83,75,55,5697,'2017-02-11 22:32:07','2020-11-26 22:11:43'),(97,'m','1974-03-29',6,34,99030,6867578,'1988-01-27 11:26:27','2020-11-26 22:11:43'),(98,'f','2018-02-23',79,47,580308168,707878471,'1995-03-08 10:12:08','2020-11-26 22:11:43'),(99,'m','2020-02-21',79,30,0,7910931,'2009-06-25 12:15:41','2020-11-26 22:11:43'),(100,'f','1974-10-29',57,9,707294007,1406418,'2003-04-09 08:24:34','2020-11-26 22:11:43');
/*!40000 ALTER TABLE `user_profiles` ENABLE KEYS */;
UNLOCK TABLES;

--
-- Table structure for table `user_statuses`
--

DROP TABLE IF EXISTS `user_statuses`;
/*!40101 SET @saved_cs_client     = @@character_set_client */;
/*!50503 SET character_set_client = utf8mb4 */;
CREATE TABLE `user_statuses` (
  `id` int unsigned NOT NULL AUTO_INCREMENT COMMENT 'Идентификатор строки',
  `name` varchar(100) CHARACTER SET utf8 COLLATE utf8_unicode_ci NOT NULL COMMENT 'Название статуса',
  `created_at` datetime NOT NULL DEFAULT CURRENT_TIMESTAMP COMMENT 'Время создания строки',
  `updated_at` datetime DEFAULT CURRENT_TIMESTAMP ON UPDATE CURRENT_TIMESTAMP COMMENT 'Время обновления строки',
  PRIMARY KEY (`id`)
) ENGINE=InnoDB AUTO_INCREMENT=101 DEFAULT CHARSET=utf8 COLLATE=utf8_unicode_ci COMMENT='Таблица статусов';
/*!40101 SET character_set_client = @saved_cs_client */;

--
-- Dumping data for table `user_statuses`
--

LOCK TABLES `user_statuses` WRITE;
/*!40000 ALTER TABLE `user_statuses` DISABLE KEYS */;
INSERT INTO `user_statuses` VALUES (1,'quos','2003-09-19 00:51:59','1970-05-19 23:11:04'),(2,'expedita','1995-01-03 03:22:04','1974-01-12 18:42:37'),(3,'nihil','1995-06-19 11:03:42','1995-10-30 03:23:28'),(4,'qui','1975-09-28 03:42:43','1989-08-27 08:50:35'),(5,'dolorem','2014-11-29 14:44:57','1989-01-11 22:00:12'),(6,'et','2016-01-05 10:42:39','2001-09-23 11:36:19'),(7,'omnis','2010-07-25 23:36:20','1997-10-14 06:55:00'),(8,'esse','2013-06-01 08:46:40','1986-09-28 16:44:57'),(9,'minus','1998-03-22 14:35:27','1996-12-03 01:34:40'),(10,'ut','1993-05-29 18:56:43','1980-07-18 16:33:26'),(11,'expedita','1988-03-23 23:42:52','2003-05-02 16:21:02'),(12,'voluptates','1988-12-20 20:09:42','2011-12-31 08:11:11'),(13,'qui','1999-06-24 07:15:55','1987-06-12 23:32:53'),(14,'sit','2014-06-29 07:50:43','2011-01-03 18:30:27'),(15,'numquam','1991-07-13 11:27:53','2005-08-02 16:05:23'),(16,'et','2002-11-24 22:01:09','2007-02-09 08:23:51'),(17,'quo','1996-09-17 19:37:31','1984-02-21 19:49:46'),(18,'eum','1972-12-26 04:42:16','2010-12-09 04:08:07'),(19,'vel','1976-06-22 19:05:26','1991-04-29 21:33:26'),(20,'error','2004-10-26 07:38:56','2019-11-21 17:56:18'),(21,'sed','2015-12-11 10:16:34','1997-06-03 05:43:06'),(22,'consequuntur','1979-11-14 14:37:19','1986-01-22 18:42:15'),(23,'perferendis','2009-09-16 12:06:38','2005-05-27 07:59:19'),(24,'ut','2015-11-25 11:36:19','1989-09-13 12:24:17'),(25,'neque','2018-01-04 09:41:52','2010-10-25 10:59:00'),(26,'ipsam','2017-01-05 14:44:20','2010-10-24 00:45:12'),(27,'et','1985-03-27 03:30:20','1986-04-05 23:59:05'),(28,'accusantium','1975-10-28 05:59:53','2016-02-29 19:49:49'),(29,'at','1972-08-07 14:14:26','1979-05-19 15:22:20'),(30,'quaerat','1990-09-18 14:30:53','1994-03-24 21:24:23'),(31,'deserunt','1985-01-15 07:21:52','2017-08-07 14:19:06'),(32,'vitae','1970-02-23 17:54:03','1993-05-06 02:56:09'),(33,'at','1974-12-22 20:19:32','2020-10-28 11:11:54'),(34,'rerum','1986-04-22 18:27:27','1997-05-09 16:46:43'),(35,'reprehenderit','1995-11-16 20:08:37','1984-01-22 14:29:11'),(36,'magni','2018-08-20 21:54:21','1989-02-08 16:04:35'),(37,'est','2018-03-20 05:21:33','2006-10-04 18:28:17'),(38,'quod','1972-06-04 23:12:46','1973-10-17 15:34:24'),(39,'id','1999-03-23 09:01:06','2006-06-19 13:04:08'),(40,'vitae','2011-08-16 14:40:15','1970-08-07 11:32:09'),(41,'maiores','2018-03-15 13:30:22','2016-05-20 01:26:33'),(42,'repellat','2013-08-16 21:39:05','1990-07-25 12:16:30'),(43,'eum','2016-04-10 22:54:27','1991-11-04 20:25:54'),(44,'cumque','2013-04-01 12:42:05','2000-01-04 10:33:36'),(45,'sit','2019-05-24 01:19:03','1971-11-07 13:23:02'),(46,'unde','1986-05-25 07:00:00','2012-12-30 14:57:54'),(47,'laborum','1974-11-28 15:48:56','2002-06-16 14:42:06'),(48,'sit','2019-08-26 12:01:41','2014-10-24 02:14:12'),(49,'velit','2010-06-08 21:13:26','1985-01-24 05:23:09'),(50,'sit','1999-04-01 20:37:19','2016-03-10 19:48:24'),(51,'asperiores','2020-10-06 11:37:24','1981-08-22 21:32:24'),(52,'in','2004-12-19 19:17:30','1973-10-27 05:30:04'),(53,'aut','1987-07-26 18:52:52','2001-04-18 04:58:11'),(54,'numquam','1999-08-12 13:55:59','1999-02-17 08:23:31'),(55,'et','1989-05-17 00:26:54','2009-04-21 12:55:11'),(56,'unde','2003-11-07 01:52:52','2011-03-23 16:11:23'),(57,'ut','2015-08-10 21:46:38','2009-11-06 16:34:25'),(58,'excepturi','1976-06-06 19:56:17','1978-04-02 11:28:54'),(59,'sed','1999-11-02 08:29:39','2001-02-27 01:07:54'),(60,'voluptatem','2020-05-10 09:51:03','2014-09-16 09:20:04'),(61,'quidem','2011-07-19 08:42:35','1984-09-12 10:01:21'),(62,'ut','1993-04-30 21:47:58','2004-02-24 01:29:45'),(63,'atque','2016-05-12 08:22:34','2007-07-02 01:09:28'),(64,'repellendus','2009-02-05 13:36:53','1976-03-28 22:48:51'),(65,'aut','2014-10-14 08:01:24','2016-01-21 01:55:32'),(66,'sapiente','2019-04-12 08:59:50','2018-12-24 13:26:53'),(67,'explicabo','1978-09-24 01:09:42','2011-01-31 10:44:10'),(68,'nemo','1975-10-18 13:16:28','1996-12-09 08:04:59'),(69,'sit','1982-07-24 08:53:32','2001-09-24 09:54:02'),(70,'id','1986-12-21 06:32:53','2014-12-12 19:48:22'),(71,'dolorem','2016-01-25 09:33:06','1974-07-04 18:06:05'),(72,'at','2001-10-17 06:51:47','2009-07-25 00:46:42'),(73,'illo','1993-01-12 01:13:29','2012-01-20 07:07:01'),(74,'ex','2020-05-16 08:17:14','1988-09-14 12:44:25'),(75,'at','1992-10-30 11:06:00','1979-02-02 06:18:58'),(76,'officiis','1993-08-28 19:41:52','2020-07-20 17:29:37'),(77,'odit','1984-02-18 13:19:54','1979-09-02 07:23:22'),(78,'neque','2006-06-06 09:25:03','1974-01-03 05:45:54'),(79,'animi','1989-06-09 15:31:11','1974-01-29 13:04:38'),(80,'deleniti','1982-02-27 17:32:22','1977-09-03 03:30:58'),(81,'sunt','1981-08-12 06:03:10','2020-08-07 07:14:47'),(82,'impedit','1972-09-21 01:46:43','1970-12-19 21:19:18'),(83,'commodi','1982-08-09 15:47:06','2013-02-02 12:15:45'),(84,'sunt','1973-01-21 21:29:03','1970-12-16 16:02:42'),(85,'beatae','1984-03-23 15:05:32','2011-08-11 16:39:13'),(86,'quis','1990-07-28 13:00:37','1990-06-15 20:57:24'),(87,'vitae','1995-12-28 16:27:18','1989-11-10 10:54:43'),(88,'vel','1971-01-15 14:16:25','2010-09-20 08:22:19'),(89,'quidem','1988-10-31 21:23:56','1994-09-24 00:47:50'),(90,'consequatur','2011-03-31 05:53:04','1986-06-04 06:11:53'),(91,'vel','2016-03-03 17:39:54','1991-10-22 18:19:32'),(92,'aut','1971-06-11 21:09:56','2015-03-13 01:01:08'),(93,'quasi','2012-11-30 18:31:11','1979-03-26 11:58:39'),(94,'sapiente','1989-11-20 01:51:39','1985-02-24 02:30:01'),(95,'omnis','1984-03-26 14:30:08','1998-10-02 02:29:16'),(96,'tempora','1989-12-18 11:21:52','1985-02-02 08:34:30'),(97,'id','2014-08-17 06:18:13','2004-09-25 05:33:54'),(98,'earum','1973-05-23 11:04:31','1979-02-13 04:07:11'),(99,'numquam','1988-08-29 02:10:11','1988-07-27 13:50:54'),(100,'rerum','1987-01-23 02:53:22','1996-02-25 13:53:08');
/*!40000 ALTER TABLE `user_statuses` ENABLE KEYS */;
UNLOCK TABLES;

--
-- Table structure for table `users`
--

DROP TABLE IF EXISTS `users`;
/*!40101 SET @saved_cs_client     = @@character_set_client */;
/*!50503 SET character_set_client = utf8mb4 */;
CREATE TABLE `users` (
  `id` int unsigned NOT NULL AUTO_INCREMENT COMMENT 'Идентификатор строки',
  `first_name` varchar(100) CHARACTER SET utf8 COLLATE utf8_unicode_ci NOT NULL COMMENT 'Имя пользователя',
  `last_name` varchar(100) CHARACTER SET utf8 COLLATE utf8_unicode_ci NOT NULL COMMENT 'Фамилия пользователя',
  `email` varchar(100) CHARACTER SET utf8 COLLATE utf8_unicode_ci NOT NULL COMMENT 'Почта',
  `phone` varchar(100) CHARACTER SET utf8 COLLATE utf8_unicode_ci NOT NULL COMMENT 'Телефон',
  `created_at` datetime DEFAULT CURRENT_TIMESTAMP COMMENT 'Время создания строки',
  `updated_at` datetime DEFAULT CURRENT_TIMESTAMP ON UPDATE CURRENT_TIMESTAMP COMMENT 'Время обновления строки',
  PRIMARY KEY (`id`),
  UNIQUE KEY `email` (`email`),
  UNIQUE KEY `phone` (`phone`)
) ENGINE=InnoDB AUTO_INCREMENT=101 DEFAULT CHARSET=utf8 COLLATE=utf8_unicode_ci COMMENT='Пользователи';
/*!40101 SET character_set_client = @saved_cs_client */;

--
-- Dumping data for table `users`
--

LOCK TABLES `users` WRITE;
/*!40000 ALTER TABLE `users` DISABLE KEYS */;
INSERT INTO `users` VALUES (1,'Della','Renner','ebert.alexander@example.com','1-694-428-5377x30511','2013-08-31 09:50:34','2020-11-25 20:20:06'),(2,'Golden','Johns','fpfannerstill@example.com','1-097-212-1444','1997-04-05 09:50:11','2020-11-25 20:20:06'),(3,'Eleanora','Hamill','bailee.purdy@example.net','1-678-312-5126x283','2000-03-17 20:25:25','2020-11-25 20:20:06'),(4,'Orval','Robel','schuster.forrest@example.com','668-099-9904x429','2011-06-20 04:05:48','2016-04-29 01:39:30'),(5,'Jensen','Prohaska','gusikowski.nels@example.org','803.746.5521x191','1992-10-27 20:59:38','2000-01-18 00:02:51'),(6,'Arielle','Ankunding','stan51@example.net','(662)277-4582x5205','1995-05-13 11:34:14','2014-11-16 03:03:41'),(7,'Ally','Collins','tremaine87@example.net','1-026-105-7168x0325','1990-03-22 03:14:28','2020-11-25 20:20:06'),(8,'Edwardo','Carroll','hoeger.rossie@example.net','350.205.4759x68770','1975-08-19 04:13:25','2005-12-04 07:20:11'),(9,'Alycia','Beier','franco.schmidt@example.net','(052)803-8523x668','2015-04-24 02:27:47','2020-11-25 20:20:06'),(10,'Bridie','Schneider','donnell.rogahn@example.com','219-314-6734','1998-10-22 18:29:42','2020-11-25 20:20:06'),(11,'Sydney','Boyle','ophelia73@example.com','102-491-3804','2019-01-14 07:04:27','2020-11-25 20:20:06'),(12,'Lysanne','Treutel','graham.wiza@example.com','08011126023','1994-05-17 14:40:18','2020-11-25 20:20:06'),(13,'Alvena','Stanton','xcole@example.net','1-946-538-0065','1973-04-02 05:06:15','2009-02-28 23:53:24'),(14,'Matteo','Schmeler','ibailey@example.org','076-076-2456','2009-11-11 04:47:48','2020-11-25 20:20:06'),(15,'Kailee','Larson','trantow.maya@example.com','1-744-261-0824x8828','1988-11-28 05:03:02','1990-05-11 13:34:41'),(16,'Justina','Balistreri','hoppe.jennifer@example.net','02372247549','2005-11-07 04:49:27','2011-09-20 04:39:24'),(17,'Ashton','Weissnat','gerlach.zackery@example.org','(899)245-8720x585','2019-07-21 23:52:50','2020-11-25 20:20:06'),(18,'Zane','Rowe','reynolds.concepcion@example.com','959.764.9983x1495','1991-05-05 12:19:46','2020-11-25 20:20:06'),(19,'Alanis','Strosin','clinton.rogahn@example.org','427.680.8359x082','1989-02-04 00:33:45','2018-12-19 05:36:40'),(20,'Cindy','Bogisich','ihirthe@example.org','(281)064-2578x4436','1976-02-15 14:26:51','2013-02-11 19:40:03'),(21,'Murl','Rolfson','pwhite@example.com','(090)086-1696','2012-03-17 19:12:17','2020-11-25 20:20:06'),(22,'Laverna','Heaney','sveum@example.net','(039)915-0183','2004-04-16 08:27:51','2019-12-14 05:31:29'),(23,'Albina','Greenholt','vincenzo.steuber@example.com','(462)562-8279x98675','1985-09-29 12:30:18','2020-11-25 20:20:06'),(24,'Jermaine','Towne','yesenia.kemmer@example.com','1-852-681-7060','2010-09-27 01:28:40','2020-11-25 20:20:06'),(25,'Moriah','Ankunding','christop72@example.org','547-381-6219x256','1982-11-21 09:05:05','1992-08-14 08:39:22'),(26,'Karson','Hyatt','christine.johns@example.com','159.282.4905x4643','1970-05-18 20:33:26','2001-09-19 12:25:17'),(27,'Fletcher','Grady','crystal.auer@example.com','(078)922-1767','2000-05-01 04:51:41','2020-11-25 20:20:06'),(28,'Arne','Kihn','anissa99@example.net','08684758637','1978-10-23 06:36:24','2020-11-25 20:20:06'),(29,'Luis','Quigley','veronica45@example.org','02992858149','1998-05-13 21:20:22','2020-11-25 20:20:06'),(30,'Frank','Hayes','lhuel@example.com','1-505-182-3905x56310','2008-04-20 06:12:08','2020-11-25 20:20:06'),(31,'Rahsaan','Fritsch','albina.kulas@example.net','09746872895','1998-11-04 03:58:50','2020-11-25 20:20:06'),(32,'Ole','Crooks','travis.wyman@example.org','466-258-7970x9700','2012-03-29 10:48:15','2020-11-25 20:20:06'),(33,'Ulises','Wiegand','katelin.littel@example.net','275.845.5799','1987-04-02 04:15:32','1999-09-15 12:17:15'),(34,'Jeffrey','Emmerich','berge.gardner@example.net','1-939-685-9462','1994-10-11 10:10:24','2020-11-25 20:20:06'),(35,'Kaia','Robel','nlemke@example.org','741-013-4160x49264','2018-03-29 07:59:15','2020-11-25 20:20:06'),(36,'Megane','Renner','oorn@example.org','+99(8)2314089170','1991-01-14 17:57:20','2004-06-23 00:00:25'),(37,'Kennedy','Botsford','glover.idell@example.net','146-476-9422x56682','1997-03-18 01:00:31','2012-11-04 11:07:15'),(38,'Vada','Weber','lorenzo.keeling@example.com','782-964-3584','1971-06-27 12:46:58','1999-09-17 12:38:31'),(39,'Mayra','Mraz','coby59@example.org','140-354-7546','1981-10-06 01:13:49','1999-07-14 01:02:12'),(40,'Kaitlin','Connelly','johnston.elyssa@example.org','04272536050','2013-03-08 07:07:23','2020-11-25 20:20:06'),(41,'Rahsaan','Sporer','virgie66@example.net','823.281.1397x70024','1988-02-29 02:19:37','2000-09-25 17:28:43'),(42,'Damien','Lind','veum.filiberto@example.org','1-613-008-9358x459','1977-10-04 05:17:56','2000-07-07 00:10:30'),(43,'Cornell','Tromp','gaetano.metz@example.org','883.531.0817','1988-02-03 01:17:43','2020-11-25 20:20:06'),(44,'Kiara','Eichmann','hildegard01@example.com','1-685-994-9866','1991-11-21 18:30:40','2020-11-25 20:20:06'),(45,'Kimberly','Schmitt','armstrong.easter@example.org','808.008.5220x2947','1999-02-11 05:54:38','2009-06-02 18:37:40'),(46,'Camden','Ullrich','hoeger.arne@example.net','889-211-7439x386','2003-10-10 01:51:56','2020-11-25 20:20:06'),(47,'Kay','Jones','senger.jayda@example.com','604.182.1894','1970-10-24 20:24:33','1988-06-10 01:31:56'),(48,'Jesse','Price','bauch.hermann@example.org','998-728-3917x265','2018-08-31 00:47:06','2020-11-25 20:20:06'),(49,'Chaz','Stokes','ahyatt@example.org','253-507-7361x9405','1999-10-22 00:34:36','2018-11-25 02:03:59'),(50,'Merlin','Bashirian','strosin.jessica@example.net','743.388.5951x9464','2018-11-23 19:55:05','2020-11-25 20:20:06'),(51,'Linnie','Nikolaus','reinger.lamar@example.net','+52(5)3998155720','2010-12-20 01:04:12','2017-08-12 07:49:40'),(52,'Grover','Herzog','tressie22@example.net','966.095.6228x970','1988-01-28 02:42:09','1996-12-03 09:40:13'),(53,'Darwin','Little','hlebsack@example.org','+90(3)8982139879','1999-10-13 18:56:16','2002-12-27 16:46:02'),(54,'Idell','Lehner','jadyn42@example.net','+41(5)1645444031','2014-09-14 02:39:16','2020-11-25 20:20:06'),(55,'Yvonne','Klein','cruickshank.meredith@example.com','301-864-6336x45077','1981-02-13 13:53:47','2014-11-16 11:28:03'),(56,'Reyna','Stroman','baumbach.baylee@example.com','09165925812','2004-09-14 03:53:22','2020-11-25 20:20:06'),(57,'Cali','Kuhlman','drau@example.org','241.066.3938x778','2020-10-24 07:06:04','2020-11-25 20:20:06'),(58,'Wilber','Wilkinson','prosacco.emory@example.com','1-049-464-0476x547','1973-02-23 22:03:25','1981-07-11 16:37:28'),(59,'Walker','Bailey','rolfson.roxane@example.com','439.197.8463x587','2001-10-23 04:32:49','2020-11-25 20:20:06'),(60,'Dayton','Lesch','fo\'connell@example.com','522-987-4254x5631','1989-04-08 21:59:22','2020-11-25 20:20:06'),(61,'Blake','Bayer','roscoe.streich@example.com','021-063-5161x8072','2003-09-01 05:32:14','2020-11-25 20:20:06'),(62,'Emil','Cruickshank','mante.floyd@example.org','(683)631-2472','2012-10-21 22:35:04','2020-11-25 20:20:06'),(63,'Billie','Nolan','anne45@example.net','1-500-434-7035x290','2011-05-07 21:01:25','2020-11-25 20:20:06'),(64,'Ines','O\'Connell','mstamm@example.net','1-189-073-3141','1972-07-06 17:54:42','1999-06-07 07:33:38'),(65,'General','Rogahn','katlynn.tromp@example.com','312.670.4506x68460','1985-10-07 22:31:59','2013-04-02 08:47:28'),(66,'Arlie','Davis','srogahn@example.com','719.675.7216x98243','1981-08-25 00:22:05','2020-11-25 20:20:06'),(67,'Lonie','Hermann','qritchie@example.org','1-937-960-0728x7252','2017-03-13 02:14:05','2020-11-25 20:20:06'),(68,'Annette','Veum','jevon.halvorson@example.org','1-938-408-0153x4322','1978-02-15 23:04:55','1982-02-26 13:46:39'),(69,'Amira','Herman','paris85@example.net','1-493-080-9754','1979-02-05 09:31:10','1996-02-27 23:12:53'),(70,'Oma','Daniel','babbott@example.com','1-763-056-8202x2484','1972-10-18 14:59:49','2014-08-16 01:45:47'),(71,'Albertha','Cassin','marlon.rice@example.com','(883)480-3600x385','1987-06-01 16:53:03','2020-11-25 20:20:06'),(72,'Rosetta','Gottlieb','laurence50@example.net','(059)489-7438x4726','1997-10-25 18:23:18','2020-11-25 20:20:06'),(73,'Lester','Kuphal','acronin@example.com','+07(0)6528204103','1990-01-24 23:14:01','1997-05-14 23:52:03'),(74,'Hazle','Bailey','delpha.hills@example.net','1-178-702-8508x3376','1973-07-10 08:48:11','2011-11-30 02:00:53'),(75,'Mireille','Hermiston','cwiegand@example.net','(982)376-6996x768','2014-07-14 08:39:53','2020-11-25 20:20:06'),(76,'Jeffry','Barrows','larkin.keith@example.org','(610)283-6168','1996-01-29 23:03:00','2009-05-23 11:18:40'),(77,'Mandy','Beier','alexandra.bins@example.net','912-837-7953','2018-03-28 18:03:48','2020-11-25 20:20:06'),(78,'Davin','Bruen','jkirlin@example.net','049.787.4590','1980-12-19 04:03:58','2020-11-25 20:20:06'),(79,'Lizzie','Reynolds','okuvalis@example.com','276.476.2654','1975-10-14 05:46:57','1997-06-11 20:51:58'),(80,'Alex','Runte','alan83@example.com','1-705-486-3371','2009-11-17 01:39:11','2020-11-25 20:20:06'),(81,'Delmer','Johnston','amir.wiza@example.com','1-047-962-3754','1985-04-03 18:52:01','2008-03-24 16:02:16'),(82,'Trystan','Gleason','royal.baumbach@example.org','037.957.0610','2018-12-02 03:15:46','2020-11-25 20:20:06'),(83,'Candice','Schulist','fmccullough@example.org','719-869-7667','2005-11-04 13:37:00','2020-11-25 20:20:06'),(84,'Tyrese','Jaskolski','royce.kuhn@example.com','+60(6)8264499426','2002-05-24 10:29:06','2002-05-26 10:35:37'),(85,'Makayla','Rau','eve86@example.org','1-979-588-6849','2008-06-21 08:46:47','2020-11-25 20:20:06'),(86,'Pascale','Murray','qreynolds@example.com','487-023-7064x23715','1977-12-28 12:03:44','2005-07-08 05:07:56'),(87,'Candice','Marvin','berge.rogers@example.org','777-506-2536','1996-10-04 07:10:39','2020-11-25 20:20:06'),(88,'Jean','Runte','ariane.bartell@example.org','743.009.7524x791','2005-01-09 06:19:32','2020-11-25 20:20:06'),(89,'Kaelyn','Shields','hammes.elise@example.net','726.211.3959x3601','2018-05-10 15:28:01','2020-11-25 20:20:06'),(90,'Rebecca','Larson','brett.mills@example.org','570-474-6844x6216','1975-05-30 11:48:53','2001-04-27 00:10:15'),(91,'Vivian','Berge','aniyah21@example.org','(529)824-4631','1987-01-28 07:26:37','2020-11-25 20:20:06'),(92,'Irma','Goodwin','torp.alba@example.net','1-024-397-3982x1496','2003-07-31 03:33:44','2020-11-25 20:20:06'),(93,'Maryjane','Emard','marielle51@example.com','933.039.4222x53642','2005-09-30 21:58:30','2020-11-25 20:20:06'),(94,'Christelle','Flatley','rippin.imani@example.com','+74(7)2272053501','2015-10-22 05:41:33','2020-11-25 20:20:06'),(95,'Kody','Konopelski','eichmann.keven@example.com','006.914.2898x06532','2000-02-14 04:43:33','2011-03-29 00:53:51'),(96,'Ewald','Bahringer','luis72@example.net','082.444.5941x2570','1970-08-11 06:49:12','1998-10-01 15:05:33'),(97,'Amiya','Bergnaum','merdman@example.net','(120)699-6960x44823','1979-06-30 01:40:41','1986-03-11 20:21:38'),(98,'Lydia','Boehm','keebler.virginie@example.net','262.821.5464x9445','1989-12-05 10:33:26','2020-11-25 20:20:06'),(99,'Estelle','Gleichner','lola67@example.org','(258)106-9188x170','2017-08-28 20:57:32','2020-11-25 20:20:06'),(100,'Angelina','Boehm','ifranecki@example.org','392-287-2357','1985-08-28 14:37:32','2019-06-18 12:53:40');
/*!40000 ALTER TABLE `users` ENABLE KEYS */;
UNLOCK TABLES;
/*!40103 SET TIME_ZONE=@OLD_TIME_ZONE */;

/*!40101 SET SQL_MODE=@OLD_SQL_MODE */;
/*!40014 SET FOREIGN_KEY_CHECKS=@OLD_FOREIGN_KEY_CHECKS */;
/*!40014 SET UNIQUE_CHECKS=@OLD_UNIQUE_CHECKS */;
/*!40101 SET CHARACTER_SET_CLIENT=@OLD_CHARACTER_SET_CLIENT */;
/*!40101 SET CHARACTER_SET_RESULTS=@OLD_CHARACTER_SET_RESULTS */;
/*!40101 SET COLLATION_CONNECTION=@OLD_COLLATION_CONNECTION */;
/*!40111 SET SQL_NOTES=@OLD_SQL_NOTES */;

-- Dump completed on 2020-11-26 23:11:31
